country,slope_p25,slope_p50,slope_p75,slope_mid,concavity,n_stud,n_school,pv_math_mean,hwk_mean,study_mean,escs_mean,east_asia,nordic,oecd,region,n_schools,schsize_mean,stratio_mean,private_share,abgmath_mean,stubeha_mean,mactiv_mean,edushort_mean,clsize_mean,escs_btw_var,exam_pressure_z,stratification_z,resource_z
ALB,27.835430325844868,20.9685537238268,1.8520301662520635,16.885338071974576,25.983400159592804,6129,274,368.2217199510451,2.475558729056317,7.258626332769837,-0.7514551558746204,0,0,0,Non-OECD,274,571.1465903504906,13.632301720570304,0.12129647510218354,2.2317799153350473,-0.8235781668272544,2.790036636280734,0.31893377794541133,28.834029087070444,0.3716600185136676,1.9104249612930464,0.14362814579694866,-0.26508344722328336
ARE,11.92477200665445,6.7639054367379,-7.678667066604419,3.6700034589293105,19.60343907325887,24600,840,431.110476583555,2.2825594957706796,6.696601006305515,0.2966563804048203,0,0,0,Non-OECD,840,1778.306622806586,14.707107233256881,0.6053587539369982,2.5278601242358194,-0.73193805287612,3.6389474919786515,-0.545314018139857,29.96567968026845,0.14283838392080375,3.765664923148413,1.2793300013336428,1.0809214593530547
ARG,5.368827056172222,2.605093497983489,-5.061519932363865,0.9708002072639488,10.430346988536089,12111,457,377.5290286484539,2.0655377541850366,4.332525608299544,-0.80197375331075,0,0,0,Non-OECD,457,589.1939563582706,8.656224914433166,0.31504176432880443,2.1910772817908843,0.1992725134369708,1.1596165233376448,0.3465021326873187,29.880685411685022,0.4868188548901656,-2.233407133821377,1.8785269111371568,0.6266025657294464
AUS,31.46754961063516,31.46754961063516,21.058218661665705,27.997772627645343,10.409330948969457,13437,743,487.0842535121308,1.719423274134379,3.638051682524994,0.379366600098662,0,0,1,OECD (other),743,1154.9420551006035,12.770519198501264,0.43278548057087585,2.4378939391437235,-0.01971624325479073,2.8745735287065868,-0.6936218038741679,24.6176533117183,0.2070070391423163,1.064762604047893,0.7666313258247471,1.7130421323981007
AUT,-10.958727843344091,-10.958727843344091,-11.016370448833982,-10.977942045174055,0.05764260548989064,6151,302,487.2674989673573,1.5885567276975396,5.360072568795921,0.06906735838519015,0,0,1,OECD (other),302,670.4317597754884,10.074838056982967,0.13576432053833895,1.4266702686694106,0.31598300440112176,1.6806026338673774,-0.4696659709313023,22.154679426797674,0.3096700599642259,-4.746138223502782,-0.16396808729232037,1.8213952618932243
BEL,10.95977958449066,10.95977958449066,4.861249714354244,8.926936294445188,6.0985298701364155,8286,285,489.486816744945,1.7900176269766177,5.286193200944396,0.08287633453443578,0,0,1,OECD (other),285,823.9022589575455,9.382948179619602,0.6241673380229921,2.0183970766315262,NA,1.7435164863795805,-0.20308715841332106,20.252659868416938,0.2511268680663736,NA,2.0491328336519428,1.4743718504629726
BGR,16.71389778115997,12.060043848986254,-1.0994051306827828,9.224845499821148,17.813302911842754,6107,202,417.3039003748683,1.9631752563199816,5.608333426278016,-0.27220649375191536,0,0,0,Non-OECD,202,640.1249405464508,11.491413931431262,0.021458037180583648,1.8495582380431475,-0.4264224454696205,2.7942340267156545,-0.5822604449537085,27.531467570197044,0.4683076954030201,-0.35169329443127073,0.21564251102890908,1.7553243191268697
BRA,12.499479060861688,8.517472286426084,-2.669640146493464,6.115770400264769,15.169119207355152,10798,598,378.69136694698255,2.007791880195702,5.940841550429903,-0.9914729633663948,0,0,0,Non-OECD,598,831.780138384111,25.69834253573148,0.13644828500750464,2.0670939166832842,0.41226247488645706,1.8188599262820082,-0.2913345317152495,35.91234160509952,0.4518792167529976,-2.4117170482347037,0.7203178735949508,-1.4530997544007582
BRN,15.607407620107494,14.192676104318366,9.64618157255677,13.14875509899421,5.961226047550724,5576,54,442.0931044709813,2.364470924069152,5.546493405243322,-0.25725751169077976,0,0,0,Non-OECD,54,873.8445397714853,7.989981963403317,0.17809357218318453,2.1354810297977678,-0.3414582140333408,3.142445460751567,0.1635147635757623,24.665282115148454,0.20880484357991885,0.9210957391887038,-0.5653823489802725,1.080635589900854
CAN,8.35363637182536,8.35363637182536,3.749525722696035,6.818932822115585,4.604110649129325,23073,863,496.947894435704,1.8887408162888757,4.565183976149832,0.3811020834349589,0,0,1,OECD (other),863,NA,NA,0.07951170139240073,2.261356175545647,0.5600103151330116,2.6916360932191026,-0.7406545087689065,NA,0.10724881155101047,-1.0281403623199525,-1.7141858028607517,NA
CHE,-14.440780916351857,-14.440780916351857,-14.440780916351857,-14.440780916351857,0,6829,260,507.9905864487029,1.3451965283124816,4.562115053119256,0.16916674411868815,0,0,1,OECD (other),260,770.1073441766679,12.452441063393657,0.030796027764609192,2.2067597486420327,0.02420828594995638,1.5331864255954692,-0.8024427622604178,19.84437438208893,0.1981903927360068,-1.3862345196088741,-1.4079065908898791,1.9682749901922687
CHL,6.977667524533331,4.039121201705598,-4.271397723609937,2.2484636675429974,11.249065248143268,6488,230,411.696570708096,2.112364902596471,4.357181974737724,-0.5086492927143373,0,0,1,OECD (other),230,946.1300149452796,18.37493661391773,0.62586146935579,1.8808185488205724,0.4640028395372875,2.077002308905386,-0.2774551140500442,35.8530463466593,0.3541021202953199,-2.9271148434994423,2.6957766110603036,-0.0929333348265684
COL,11.32894896764833,10.13071602057164,6.213545788297552,9.224403592172507,5.1154031793507775,7804,262,382.6968351295673,2.452004781987848,7.273081926095533,-1.0651248666066755,0,0,1,OECD (other),262,1404.7300848984798,25.102589369916537,0.19533742365088244,2.36096227301376,0.34921919895595654,1.14883557335638,0.6991210374141479,34.06475427703683,0.6465611363407257,-1.931371512077555,2.236511130139865,-3.115950110401557
CZE,-13.761398049200864,-13.761398049200864,-14.271098333236694,-13.931298143879474,0.50970028403583,8460,430,486.9992078519244,1.5273766905049355,4.382208456377484,-0.10408606887443415,0,0,1,OECD (other),430,521.1973813168828,13.241301159691325,0.08869784148891549,2.0476774996528087,-0.1498060933919457,2.601700654390062,-0.1383503252542728,24.052077805614378,0.265180321144775,-0.4164316861937173,-0.6876965727361238,0.6286072946766387
DEU,-12.34454282353778,-12.34454282353778,-12.788846924826371,-12.492644190633978,0.44430410128859066,6116,257,474.82645390785706,1.5588305423121682,4.797468894361279,-0.13699001801812014,0,0,1,OECD (other),257,731.4402387771771,13.974684795063117,0.03690624372863521,2.0395147572199805,0.043016408570093895,2.4641572138652448,-0.06748022149892563,24.676498584932357,0.31941604328646733,-1.0099054155910303,-0.6249522278212627,0.3628612668005579
DNK,-6.215996931853624,-6.215996931853624,-9.51793409394503,-7.316642652550759,3.3019371620914058,6200,347,489.273876942411,1.3917429788696392,3.413384650797833,0.4760777394194428,0,1,1,Nordic,347,542.8124411737085,12.44484796991672,0.24415153821166172,2.6658940611722297,-0.5815085337584461,1.1452458525818205,-0.7981917208844191,21.764601742022183,0.10762832376352383,1.1769923200174963,-0.8435883480282886,1.9620904874207323
DOM,10.530695266179578,8.553575007638244,2.8527657744858175,7.312345349434547,7.67792949169376,6868,253,339.1072467325859,2.319061468482985,7.36658677171366,-0.7096963763568349,0,0,0,Non-OECD,253,584.5450106624487,22.1493685048842,0.19518265695653245,2.4508109968383347,-0.09479581848454127,1.9438443350649852,0.3722966455888251,31.47514594339745,0.2540846632169397,0.23358721082777353,-0.1948502680793959,-1.9715429809646876
ESP,0.6743757640579133,-4.019716386549987,-4.019716386549987,-2.4550190030140207,4.694092150607901,30800,966,473.14020802460686,1.8288718613497408,5.793564855244574,-0.03319949726493251,0,0,1,OECD (other),966,789.4517864501859,11.582414051711464,0.32286510801055146,2.2710920763060924,-0.20572560968451117,1.4377152759391751,-0.2949715639762642,26.09817930305595,0.23920992387715254,-0.7648425497587166,0.38638095791020183,1.2231104435793332
EST,-13.370443705198229,-13.370443705198229,-13.944303030637514,-13.561730147011325,0.573859325439285,6392,196,509.94695322476144,1.7626099144226757,5.790472052348895,0.15072518810963964,0,0,1,OECD (other),196,690.9628065446076,11.91676301215685,0.05390800198018227,2.279104598530823,0.35096222626847956,2.6504254761578103,-0.12844025513301685,22.46366233098993,0.1594852845316142,-0.5640095674077781,-1.5257175876952545,0.8613468996582179
FIN,-11.846229041238985,-11.846229041238985,-11.846229041238985,-11.846229041238985,0,10239,241,484.1392256377669,1.2847515491380772,4.944424426838878,0.25848283679375944,0,1,1,Nordic,241,526.957906073404,10.902244759755341,0.0472487133764035,1.7524793924511575,0.23523949085782686,1.6408587103507652,-0.56589983705701,19.86406746939706,0.09134810474315906,-3.405834046484334,-1.9827989789417733,1.8374230227830264
FRA,4.381543678986986,4.381543678986986,-1.6643195979575012,2.3662559200054907,6.045863276944488,6770,282,473.9444184205984,1.6591948075720755,5.671910374913132,1.853907930411522e-4,0,0,1,OECD (other),282,986.5672731868225,12.278405886561268,0.22502118374273236,1.879784676877729,0.28330033839733354,1.8793150409494843,-0.4031250391525495,29.687927297376444,0.26476879463250935,-2.767765933361015,0.02867179876328066,1.2853596626895962
GBR,11.409624901851204,11.409624901851204,6.859633531713598,9.892961111805336,4.549991370137606,12972,451,488.9750850657636,1.6697859106769315,4.57506831913655,0.13638065860924,0,0,1,OECD (other),451,1102.258049792287,15.64715429007839,0.6733696995014972,2.7109877436488943,-0.20771091497264585,3.8387162402962463,-0.32235107919962847,25.74120235515004,0.19662639681029687,3.5569885218729484,1.9710943024242256,0.503443430889709
GEO,21.075678202187305,16.98206374490985,5.202858460298955,14.420200135798703,15.87281974188835,6583,267,390.02422032168255,2.1750121523352903,6.788893139098487,-0.46609404448686065,0,0,0,Non-OECD,267,825.0566243651668,13.759759439511148,0.09172142742611554,2.18854859192728,-1.2392725166665381,2.2676495028459436,0.12729867371016987,23.619878227283763,0.21593895564405668,2.0494119190425995,-0.9766953936104324,0.054342284865062596
GRC,24.756620755776396,15.82287255609333,-8.481264309443077,10.69940966747555,33.23788506521947,6403,230,430.14632185328054,2.0976177773775357,5.843393578123667,-0.154869593520961,0,0,1,OECD (other),230,274.48870358724724,8.702237777949929,0.057255772087957554,1.5820917455287895,-0.04779018298224143,1.2432886255275306,0.6437595548032213,23.660577822002523,0.21937682219555046,-3.882804193214296,-1.1371638396446164,0.08502702346475588
GTM,19.163483032077806,14.1025621320112,0.01254383811942716,11.092863000736145,19.15093919395838,5190,290,344.19948813728763,2.4304444134531966,7.468924426280401,-1.5128962163908557,0,0,0,Non-OECD,290,279.82732166730517,22.54602585576538,0.4911878202968226,2.2503869299651065,NA,1.2496568182177101,0.04418748992905555,26.63008309071514,0.7886267656342595,NA,4.676502519358223,-1.4583821051512715
HKG,21.09493990197609,13.009548855442176,-9.502062026707108,8.200808910237052,30.5970019286832,5907,163,540.3518012286893,2.168914664953165,6.188007415487234,-0.4618579371911637,1,0,0,East Asia,163,714.5018399549145,11.304241561152574,0.9109287550611336,2.2310556755399906,-0.9709027720473719,4.427656082528413,NA,26.724476371797483,0.2897957230727047,4.048338765001192,3.8008724390145696,NA
HRV,17.370721103543872,11.38963578630387,11.38963578630387,13.383330892050536,5.981085317240002,6135,180,463.10518936749145,1.849605300005941,6.068497240941826,-0.1519635999117231,0,0,0,Non-OECD,180,494.2828406130741,9.213054910080702,0.030412601646512685,2.3598044450156754,0.4501156004969118,2.9672837252447666,0.23824397581246037,21.529995106132034,0.16474010507304176,-0.12050152288718341,-1.6170810159287874,0.715358574930776
HUN,0.6740516506251879,0.6740516506251879,-6.418931009260973,-1.690275902670199,7.092982659886161,6198,262,472.77612237193995,1.6666886211272955,5.533881017291251,0.00297822717063948,0,0,1,OECD (other),262,557.094667394305,11.24576262479422,0.2703059804442245,2.0244982773592923,-0.7122612588545127,3.261569230991696,0.30864330889659464,26.47993893781999,0.4199055838097333,1.428419875157807,1.228224198816726,0.20472038538954912
IDN,7.946067837824785,8.900114163131093,10.775510625350876,9.207230875435584,-2.829442787526091,13439,410,365.5252538715769,2.1220405476236546,5.964119144805673,-1.555847023396357,0,0,0,Non-OECD,410,633.4384145238438,18.136378203903075,0.3731699983118662,2.08067700832923,-0.5403536672765465,2.422459912102113,0.413793510781081,32.219372481819676,0.37589750248526843,0.33595897360459226,1.4981543350209185,-1.2869704515641636
IRL,8.098287498284321,8.098287498284321,2.5165610097461126,6.237712002104918,5.581726488538209,5569,170,491.6482795918827,1.4825915953918989,4.045410662712019,0.3329791371384958,0,0,1,OECD (other),170,696.7218583010792,12.412020914792723,NA,2.5851256155486015,-0.399617754950254,2.561470761871364,-0.6596795124926289,24.652542566003536,0.12674384384324275,2.0704869181985845,NA,1.719997456503183
ISL,-7.097620606972498,-7.097620606972498,-6.140943653912018,-6.778728289285671,-0.9566769530604802,3360,134,458.91401434518576,1.549673632365154,3.547236819458316,0.3781051237992792,0,1,1,Nordic,134,448.8261666259434,10.837664310941062,NA,2.503694298533167,-0.10641349799826602,2.155005831124265,-0.5170543713694722,20.346211157519235,0.08846434455153289,0.690844413295729,NA,1.762074902220812
ISR,9.829397318063002,8.100450886453075,2.9635834668434313,6.964477223786503,6.8658138512195706,6251,193,457.8966665933152,2.084157217899844,4.589351469380938,0.27995699607366575,0,0,1,OECD (other),193,781.1576767694421,10.860078614264498,NA,2.4521941501857887,0.11128081512902588,2.8147554954284875,0.22506269309662622,30.153188656646943,0.2708919502127992,0.7729990963892417,NA,0.42749262005291366
ITA,12.138455374678983,6.948545776254832,-7.36841958367927,3.906193855751515,19.506874958358253,10552,344,471.2594754762866,2.134724514419104,6.4506535135548795,-0.10021047625315677,0,0,1,OECD (other),344,884.4581436128504,8.09927722277387,0.039325400702338385,1.842497080546879,-0.25298380473776716,2.393369905960827,-0.20551313364024418,23.89528793027,0.22573196084671301,-1.1937734141065712,-1.1923653475510727,1.721496399081122
JAM,16.25257131812367,11.118882483916366,-3.36913419510131,8.000773202312908,19.62170551322498,3873,147,377.4169392186348,2.232627723331449,5.4250861716630965,-0.5503355620693652,0,0,0,Non-OECD,147,1223.8214433775993,16.63958153403531,0.02563680731675059,2.2051415698329344,0.7000564453793633,3.194305379094907,1.0213403611539293,35.370206390025686,0.14931838689723795,-0.9739188696693015,-1.737770999910274,-2.092995368755249
JOR,0.9637717813307064,-0.3510327499241157,-3.963697765673317,-1.1169862447555754,4.927469547004024,7799,260,361.2280283665785,2.084916711686655,7.121987312284525,-0.8164571700685548,0,0,0,Non-OECD,260,793.2953030841628,19.53850097088372,0.19533899270622504,2.4895955433189454,0.41528531256786266,1.8642913430525494,0.6288497382425633,33.80918999699389,0.2683788710865917,-0.7942442012853219,-0.10550402688268982,-1.9376652237574854
KAZ,13.161927345355082,8.533505112121588,-4.371399050890773,5.774677802195299,17.533326396245855,19769,571,425.4391288356629,1.9329348074541597,7.582092170202877,-0.3723667452209884,0,0,0,Non-OECD,571,1164.9878884375908,11.71614693755402,0.09555167211469823,2.573029084825601,NA,3.8359346005731627,-0.001983397905018463,22.86350942526282,0.15131971505126265,NA,-1.3566729740350825,0.6725979636782663
KHM,7.181040571263907,4.494874646425615,-2.945644724829606,2.9100901642866384,10.126685296093513,5279,183,336.39604125930657,2.290104860018195,7.156072649907612,-2.0113231811312,0,0,0,Non-OECD,183,1396.3767312172458,24.34747664458233,0.06406245645657385,2.182796922454395,0.17387758644575993,2.341924769587766,0.8495405840080252,42.715629323476534,0.4355689427128378,-0.8907726934385041,0.23757587818619996,-3.2427855591267942
KOR,31.647813873581526,13.76158776921477,2.9297109788800526,16.113037540558782,28.71810289470147,6454,186,527.3025017804584,2.8306867358374466,5.393015038589826,0.22438568549861265,1,0,1,East Asia,186,672.4085538246104,11.724466629443787,0.3088403376802281,1.9508336428454833,-0.11276167615060931,3.689599999879885,0.06078302172722242,25.321725663323313,0.1417182016339991,0.35844268150083325,-0.29133122759957386,0.558507370499865
KSV,17.460474985056976,12.544383612369757,-1.2761077618815193,9.57625027851507,18.736582746938495,6027,229,354.9624438264088,2.0089491018760146,6.747239831478326,-0.3432331768521614,0,0,0,Non-OECD,229,787.3308021520893,13.888870217722856,0.05730938242334919,2.2256790975569336,0.3917561423109764,2.8068097134753267,0.9957009377808329,24.9214099942528,0.1604146600164224,-0.6750561646092408,-1.5020245385136248,-1.5268020345990256
LTU,1.331408325125949,-1.4434991220311415,-9.08312151551985,-3.0650707708083473,10.414529840645798,7257,292,475.1467619772571,1.995000935605318,6.439495618857025,0.0522950661242306,0,0,1,OECD (other),292,534.395462018921,11.686657297028898,0.040881708035573616,2.349272239021961,-0.44405202522779424,3.534447627663323,-0.27127656319326854,24.666426083817125,0.24289533558201434,2.3725659694543992,-1.0778678942884927,1.1609188983854908
LVA,-0.5082259237323683,-0.5082259237323683,-3.823641418160719,-1.6133644218751515,3.3154154944283505,5373,225,483.1594552018177,1.7695900563636002,5.811560083579887,-0.00948252342791961,0,0,1,OECD (other),225,663.5416209886002,10.8326676174834,0.011008790484313831,2.318436468611781,0.2349682509683353,3.4647672075003406,0.27993539129376915,22.070111677468535,0.18974028339571677,0.7376782631323806,-1.564587073414295,0.33431017367367016
MAC,10.376228039747616,4.48547272173505,-11.602280316167366,1.0864734817717665,21.978508355914983,4384,46,551.923153064622,2.1435891530412836,6.827181895229123,-0.4488941210209979,1,0,0,East Asia,46,1423.5409099001502,11.623198679734582,NA,1.8814160150900654,-0.3630823566544666,4.218849383053589,-0.014371819482958903,30.900858508696732,0.26059901662514773,1.2223433473359342,NA,0.7123847909656185
MAR,7.549180558423586,6.087080724651173,1.905258713135083,5.180506665403281,5.643921845288503,6867,178,364.7662406960325,2.4522029255162527,6.593202594535893,-1.784536001667121,0,0,0,Non-OECD,178,1123.9372440230652,27.408465500706427,0.09985437780665833,2.194670502218143,0.8097323450879425,2.5879055606178945,1.2575345924665149,35.32191461701335,0.5808686823375316,-1.9226476420770782,1.3261471992160638,-4.553081718203915
MDA,9.920971538974245,6.420118140906311,-3.48235480931595,4.286244956854868,13.403326348290197,6235,265,414.1980631976305,1.9948904277358837,7.251705097933039,-0.522542343064163,0,0,0,Non-OECD,265,582.8312998280294,14.40260068138148,0.01748090403959715,2.2392519617233417,0.05620459380127619,1.8058761517963111,NA,25.914059192932392,0.2975867952784769,-1.0288748670289278,-0.8625791081707243,NA
MEX,14.14410668436676,11.211850721392864,2.823335872864675,9.393097759541432,11.320770811502085,6288,280,395.0299192187102,2.3595051499090336,6.856508538300546,-0.9524373255716472,0,0,1,OECD (other),280,1066.3301429337312,31.59066591037719,0.12757048179379965,2.35832026607274,0.38789770954105185,2.1661273106192587,0.3355605276806683,37.97909289378533,0.46868684765734503,-0.8880086996251904,0.7775867740275624,-3.691284268920333
MKD,10.826650649244186,10.826650649244186,7.140053291279457,9.597784863255944,3.686597357964729,6610,111,388.5755067832621,1.8638921403088031,6.429357425364054,-0.27981664973100984,0,0,0,Non-OECD,111,903.5481281065408,13.498639079342988,0.023613845528590617,2.509854701187838,NA,3.445153360975909,0.23016874973408216,25.88328237724061,0.15956390843677182,NA,-1.684990415186971,-0.08068128221389098
MLT,23.18922569972665,15.025613203496164,-7.694952034748496,10.173295622824773,30.884177734475145,3127,46,466.0161129110568,1.984520440316532,5.395913241147016,0.01924946963891799,0,0,0,Non-OECD,46,495.49499715319956,6.468684080241319,0.4586366865912145,2.6147263244433936,0.07353254714274564,1.480929357236506,-0.5394339505169472,19.802234645020153,0.19943190741744365,-0.030257745485795184,0.8560490443403654,2.62848140321465
MNE,17.27764909923809,17.27764909923809,12.239823264431775,15.598373820969318,5.0378258348063145,5793,63,405.60117333799366,1.803285362292394,5.760100986040516,-0.20551682878287,0,0,0,Non-OECD,63,804.7466938533386,11.471984228879894,NA,2.3864880684220315,-0.4018403739617438,3.556601217273496,0.6717571392603771,24.90780803897714,0.14457418251162538,2.446202710265401,NA,-0.4889936673894575
MNG,13.821747501535183,11.195733344851476,3.596347870170291,9.537942905518983,10.225399631364892,6999,195,424.5931285428447,2.354119077126432,7.134720311731205,-0.7291488625589954,0,0,0,Non-OECD,195,1663.620236399999,19.562901442001884,0.10864735130426968,2.2783417122352603,0.0765971184833455,3.231712657053294,1.0871773280675485,30.827571479863632,0.4044437841712347,0.6646776485638372,0.2799462474022793,-2.7638929127540757
MYS,16.616832209678932,16.616832209678932,7.205111060672664,13.479591826676844,9.411721149006269,7069,199,408.6874321942563,2.4533543958604778,6.733138162927758,-0.6848914977984744,0,0,0,Non-OECD,199,1216.8585354513734,12.436271980637487,0.06717608536477647,2.5462019122466106,-0.37623443031419473,4.130685389294395,-0.12919665302672106,29.729457225251497,0.3132630058121179,3.627221108660699,-0.5034255174707953,0.7644501440834954
NLD,25.974395074725063,25.974395074725063,12.882446034039958,21.610412061163363,13.091949040685105,5046,154,492.6756389784962,1.7042317347207312,4.639463558294436,0.25346078228009306,0,0,1,OECD (other),154,1010.7667597815401,16.729962262868465,0.5306999912933669,2.2448205805056767,0.651650129921593,1.9350120648938407,-0.5206207652031012,24.84422025541231,0.1899541517137364,-2.1287991442539376,1.1773889509401654,0.6540808733437904
NZL,14.68835429509994,14.68835429509994,9.98874581579014,13.121818135330006,4.6996084793098,4682,169,479.0741934523778,1.4824864382255367,3.512481667364972,0.21906359919765703,0,0,1,OECD (other),169,NA,14.610578407877343,0.0635422276484761,2.248581849126974,0.35494670703318093,3.436033322953135,-0.5096846036157396,25.256517291918623,0.18896440804574732,0.19065958387390247,-1.292350799262719,1.0353071328296535
PAN,6.654496113756807,5.976636558925463,3.825681905885574,5.485604859522614,2.8288142078712326,4544,215,356.57350391859563,2.430084404667868,7.1767691331962835,-0.9467632798211756,0,0,0,Non-OECD,215,1543.5591661900787,16.63616528983296,0.16398011198830223,2.5444001921249972,0.07866307177969914,2.0035855005432506,0.5043445315348228,32.009395995991994,0.6924849301884182,0.28029926165726937,2.3555435751594223,-1.1655657523943892
PER,11.311927173595793,11.311927173595793,4.723140165759446,9.115664837650344,6.588787007836347,6968,336,391.23578464022944,2.540551876515324,7.171192860547742,-1.1534973668700967,0,0,0,Non-OECD,336,702.1330468990757,19.45972350760248,0.2401195670820904,2.452671772816717,0.18672511281643367,1.8763509773291216,0.5451900323851238,28.015731549665464,0.7371242418373632,-0.43278764939444125,3.033518038745442,-1.7727952444196093
PHL,9.589841509208156,8.719569907779146,5.924543185321966,8.077984867436422,3.6652983238861903,7193,188,354.7197127888579,2.515598305723145,6.4882555890022955,-1.3379003723399463,0,0,0,Non-OECD,188,2657.6128870740126,29.549219452447396,0.16581728785346414,2.450922901210142,0.10327061746244996,2.5461979994458472,0.7075035699199858,42.74140798109189,0.2876335009848917,0.4855541082153993,-0.14194924526562144,-3.971950663709534
POL,9.036300534420832,9.036300534420832,4.117549770562903,7.396716946468189,4.918750763857929,6011,240,488.9600537637015,1.815381395670944,4.92734579232336,-0.10514068515163943,0,0,1,OECD (other),240,528.9873754066888,10.371461324140432,0.06902890150848336,1.9925964581379871,-0.08697623029478484,3.0510123208811923,-0.3658502071783417,28.28025245522785,0.272381196538882,-0.25352496721517676,-0.746829107978438,1.5791925538089948
PRT,10.638600116362454,10.638600116362454,6.078933228251685,9.118711153658865,4.559666888110769,6793,224,471.9105221057486,1.7754893120686892,5.266423335082511,-0.22635525994346117,0,0,1,OECD (other),224,1603.7805905414639,10.403297583144294,0.14981581164906851,2.1470718201082817,0.18135854865355044,3.265999084102839,0.24490846255246282,24.596408364522183,0.3099403944665793,-0.008364730490110883,-0.0881917868256512,0.4783056587546422
PRY,15.964321990992971,9.645513623089414,-7.692613903579229,5.9724072368343855,23.6569358945722,5084,281,337.53975043615014,2.3684620817440836,6.562226224032013,-1.2449073955603194,0,0,0,Non-OECD,281,514.9650084128681,16.55323155672142,0.1604337729785461,1.5512283380239502,-0.40380348603474364,0.9030459318545474,0.4918552346036459,29.970577149633915,0.6273743850322375,-3.621249459439553,1.933622156536632,-1.1274921005559597
PSE,-2.0352596883564047,-2.0352596883564047,-3.0483903034403284,-2.3729698933843792,1.0131306150839237,7905,273,365.7466764424854,1.8270974280776553,7.068780929670047,-0.9119491977041476,0,0,0,Non-OECD,273,585.316626661766,19.72752361248012,0.05852641171829859,2.4779337961805386,0.5854671779508881,2.754940113373383,1.1446105805890852,36.28513815404096,0.19594618458021634,-0.2051329552529788,-1.2755652372619415,-2.8979839737112605
QAT,11.920802506539983,11.920802506539983,-2.7070797215660036,7.044841763837987,14.627882228105989,7676,229,414.1062217855216,1.977628505881774,6.037051565930499,0.10747423028135136,0,0,0,Non-OECD,229,1463.3606841786307,12.491536141525033,0.47204162505267666,2.5007370824841875,-1.240327327399295,4.003871680293318,-0.9336080110558155,29.73392946882716,0.21377865834812323,5.151815381650909,1.0155887130743286,2.1960121760463323
QAZ,16.63265543661163,10.6548102455273,2.05233630158665,9.779933994575192,14.58031913502498,7720,199,396.8822928708398,2.7596532139073857,6.730170136081799,-0.5093424757669788,0,0,0,Non-OECD,199,1859.033908968466,16.72800126097864,0.006581092711117973,2.22736697561858,-0.8222050263733933,2.9650363865856946,0.262900933255355,28.953557861325606,0.21189215054675714,2.086386620605225,-1.4507540113964592,-0.750114694357717
QUR,17.10060294792885,13.831957370543762,4.364494920083928,11.765685079518846,12.73610802784492,3876,164,440.8453088892642,2.2212522073973653,7.510264046290243,-0.35106736893698254,0,0,0,Non-OECD,164,620.4384417165113,12.824459277986673,0.021189255629158615,2.3646793488943647,0.26276878777669965,2.703676830246588,0.9097122486190198,24.689426557735175,0.2158138819077391,0.0013917587995564418,-1.3494295100203701,-1.1713480403237775
ROU,13.65358714762766,13.02506092543672,10.37086907797351,12.349839050345963,3.28271806965415,7364,262,427.7599966689727,2.074458692796566,5.620197085964165,-0.36212655566693946,0,0,0,Non-OECD,262,859.794326161044,15.715136944966568,0.009133568648256218,2.184407636270683,-0.0727422138775615,2.6557090130386216,0.17758848313924436,24.69245589995816,0.44463538219850135,-0.010729936764236092,0.004049081286056633,-0.4056217594651322
SAU,-3.8262874938725417,-3.8262874938725417,-5.815762839258241,-4.4894459423344415,1.9894753453856993,6928,193,388.781606995968,1.619281628799731,7.548039613476952,-0.2896089240150509,0,0,0,Non-OECD,193,404.6743167153379,11.801665441561234,0.17346666094844332,2.587462696379362,-0.9054968118827776,2.859504078255957,0.240507393878689,32.892129670627014,0.23995279503040295,3.486346403179797,-0.3968885235873143,0.22172731443997662
SGP,14.009233885191406,14.009233885191406,4.553716729069379,10.85739483315073,9.455517156122028,6606,164,574.6638195932204,2.397777620497072,5.759513949645574,0.3064482318690433,1,0,0,East Asia,164,1221.8596819953368,12.144985669861548,0.08652401889348008,2.141349887015823,-0.87445963748253,3.136859097883931,-1.1334350256783816,33.464880474426344,0.1698297018543187,2.0688589492899823,-1.289651901944965,2.6197703076313292
SLV,11.694188650241074,9.5876444699976,3.443603111778202,8.241812077338958,8.250585538462872,6705,290,343.46910097672264,2.390112409890079,7.094308635181003,-1.391598156704186,0,0,0,Non-OECD,290,588.4276611306918,29.85364289689983,0.2099233631074714,2.3991137665037794,NA,1.100495111705576,0.10096908640895243,28.55355607227483,0.617739794181385,NA,2.1349457166284194,-2.942231664410091
SRB,6.641317935093923,6.641317935093923,4.849459130048899,6.044031666745582,1.791858805045024,6413,183,439.8766666814575,1.6670594788675626,6.085441467628004,-0.20239388689623117,0,0,0,Non-OECD,183,748.5238552466507,10.972301111374096,0.019225151647676516,2.1301133623343773,-0.23934099183258595,3.620439317086362,NA,26.75144816030241,0.21302553788056483,1.2176717176227627,-1.3770552162861465,NA
SVK,-0.2975719966740371,-0.2975719966740371,-3.27617964855051,-1.2904412139661947,2.978607651876473,5824,288,463.9946184782649,1.5714019999126323,5.070022585385956,-0.3029966638479775,0,0,1,OECD (other),288,434.1287378930821,12.556962207007004,0.11807776878513973,2.076768944466158,-0.3840970598971848,3.218260131498856,0.12451821348402171,21.698615275350427,0.4005714755144245,0.8776631666976036,0.30569804325063216,0.2868069636812086
SVN,7.6920937351811745,7.6920937351811745,-0.5168338525539298,4.955784539269473,8.208927587735104,6721,345,484.52900864834976,1.7566753265793495,5.127291709536568,0.2258082638351057,0,0,1,OECD (other),345,492.7825409766386,10.66450410526295,0.02552329171457734,1.7724903097361753,-0.2618915706354201,3.497832395631402,-0.3857221978322936,26.50494363424848,0.22759215794126214,-0.20287865897973412,-1.253632454691321,1.5593936947932359
SWE,-30.24761312357458,-30.24761312357458,-21.66302225600407,-27.38608283438441,-8.584590867570512,6072,262,481.7660653970073,1.405039039241786,4.028415993195013,0.326591020590031,0,1,1,Nordic,262,463.51038560453014,12.054113384048815,NA,2.338960012627558,0.07274514496448928,1.5294619466577923,-0.6181769722916651,24.224288121669076,0.13747050435760128,-1.0012389538323678,NA,1.7132883062312159
TAP,47.82373936968304,31.487307223619723,31.487307223619723,36.932784605640826,16.336432146063316,5857,182,547.0941643886058,1.835818432046826,4.979530979756557,-0.18541301096194937,1,0,0,East Asia,182,1880.7837670547196,13.354993839168168,0.303642745834974,1.7546423404971638,-0.1709100991931404,3.1619006599371184,-0.41057610337704203,33.352156430905055,0.20672911026241508,-0.8375084640478873,0.08386102835835807,1.0951058143133652
THA,15.956198111724689,12.036857160903764,0.9904124831059562,9.661155918578135,14.965785628618733,8495,279,393.9453559167337,2.185574722430571,5.399248663978697,-1.2310386460231368,0,0,0,Non-OECD,279,1711.7429683566954,20.039882832761567,0.17464595894670176,2.0581711260917053,-0.07233941029642421,3.671192559918724,0.279933144372366,34.54217440892494,0.48760887516275814,0.6517105209126564,1.1430258874359773,-1.4070103955182025
TUR,20.776499847512017,17.927651452526334,9.08981344040103,15.93132158014646,11.686686407110988,7250,196,453.15176740183233,1.985780510800239,6.003365177107964,-1.1854430482598908,0,0,1,OECD (other),196,721.7574039143356,14.102176202788167,0.12977090188304205,2.0546166303710365,NA,2.542698926683587,-0.5653476431568687,30.157906644208794,0.5053267371113296,NA,1.016096030075469,1.2312426256594384
URY,3.5444893218524385,1.241793394007118,-5.156197767146239,-0.12330501709556074,8.700687088998677,6618,222,408.7120663921702,1.988215895770956,5.636925812508203,-0.8328537154717347,0,0,0,Non-OECD,222,888.9586410342941,13.806129624254579,0.14184484069977532,2.2437107393756444,0.09456335037841242,1.7638989765210107,0.13381477296297456,27.329148850156,0.44038977503053983,-1.140599151836223,0.6776249234518144,0.0338915020602048
USA,3.8349719328900846,3.8349719328900846,2.40995968059849,3.3599678487928863,1.4250122522915945,4552,154,464.888043012123,1.6352099305192875,4.531323268058314,0.05616286857446633,0,0,1,OECD (other),154,1384.655171341299,16.206154357225802,0.04552590285414333,2.3761491602223446,0.1244235741684394,2.7475273683715407,-0.6554583029014486,25.801156024204253,0.2656004108504916,0.38689774536738575,-0.9127672278185877,0.9948607629264008
UZB,5.6065917106681695,5.32675818860173,4.094741708500408,5.009363869256769,1.511850002167762,7293,202,363.93537468143256,2.2235427649990847,7.6166443439267,-0.6886793689979404,0,0,0,Non-OECD,202,840.9676035364565,13.730957858977263,0.001565802983990005,2.1527102409401193,NA,4.496227083821707,0.6059498214380096,31.363017526796007,0.1702959740976618,NA,-1.7348013153104267,-0.7982561781937952
VNM,27.72188517929976,23.458920450950018,11.014550262635453,20.73178529762841,16.70733491666431,6068,178,469.4024274813042,2.221502588308096,8.054722901714175,-1.2884180884607053,1,0,0,East Asia,178,1265.3024069222527,19.396196861273854,0.08312445714508691,2.2850006680757136,-0.25527324335768264,2.921299839259544,0.1088965453870979,41.25385984014715,0.5204568418623784,1.0479573305805454,0.8637989809175222,-0.9786668233219954
