country,trim_pct,n,slope,se,t,region,hwk_mean,slope_p50
ALB,0,4222,4.67772180567479,0.8333936556893061,5.612859869692446,Non-OECD,2.475558729056317,20.9685537238268
ALB,5,4010,4.586534082953877,0.8604811920379563,5.330196784535371,Non-OECD,2.475558729056317,20.9685537238268
ALB,10,3799,4.614765980845734,0.8909656133202088,5.179510759847034,Non-OECD,2.475558729056317,20.9685537238268
ALB,15,3588,4.495629476267918,0.9291199335801031,4.838588984895922,Non-OECD,2.475558729056317,20.9685537238268
ALB,20,3377,4.703796695519499,0.9647435497159353,4.8756964448267235,Non-OECD,2.475558729056317,20.9685537238268
ALB,25,3166,4.857204101976705,0.997535703203932,4.869203263979533,Non-OECD,2.475558729056317,20.9685537238268
ALB,30,2955,5.315355342044578,1.0356151710343957,5.132558396895134,Non-OECD,2.475558729056317,20.9685537238268
ARE,0,21254,-5.291270334631061,0.46145816506556275,-11.466413935658265,Non-OECD,2.2825594957706796,6.7639054367379
ARE,5,20191,-5.559669337822342,0.48033913554815383,-11.574466718140203,Non-OECD,2.2825594957706796,6.7639054367379
ARE,10,19128,-5.716651551246582,0.49914216212236334,-11.452952655690826,Non-OECD,2.2825594957706796,6.7639054367379
ARE,15,18066,-6.132610793033427,0.5157137883456829,-11.891500540844058,Non-OECD,2.2825594957706796,6.7639054367379
ARE,20,17003,-6.373672680563268,0.537233913113988,-11.863868838099446,Non-OECD,2.2825594957706796,6.7639054367379
ARE,25,15940,-6.492877033919998,0.5603449685803674,-11.587285329552769,Non-OECD,2.2825594957706796,6.7639054367379
ARE,30,14879,-6.066750908028576,0.5846337228251866,-10.37701157352262,Non-OECD,2.2825594957706796,6.7639054367379
ARG,0,9580,-2.50173018770737,0.5188271440885917,-4.821895338768533,Non-OECD,2.0655377541850366,2.605093497983489
ARG,5,9101,-3.2626413531226,0.5442206382761885,-5.99507097609707,Non-OECD,2.0655377541850366,2.605093497983489
ARG,10,8622,-3.20571820564467,0.5626979386870644,-5.697049847249359,Non-OECD,2.0655377541850366,2.605093497983489
ARG,15,8143,-3.396268168824818,0.5838653360532045,-5.816868992056988,Non-OECD,2.0655377541850366,2.605093497983489
ARG,20,7664,-3.4851714431433534,0.6011950191172727,-5.797073050040548,Non-OECD,2.0655377541850366,2.605093497983489
ARG,25,7185,-3.5102671666928726,0.6228627753152184,-5.635699074995125,Non-OECD,2.0655377541850366,2.605093497983489
ARG,30,6706,-3.7314785097882797,0.650853731238879,-5.733205988825678,Non-OECD,2.0655377541850366,2.605093497983489
AUS,0,12270,10.085214140934916,0.7825487846034491,12.887649101704918,OECD (other),1.719423274134379,31.46754961063516
AUS,5,11656,9.70962345097987,0.8068009435105828,12.034720000116742,OECD (other),1.719423274134379,31.46754961063516
AUS,10,11043,9.691551453108545,0.8363899826359426,11.587359550343885,OECD (other),1.719423274134379,31.46754961063516
AUS,15,10429,9.730311885601994,0.8645676477974565,11.254540822098315,OECD (other),1.719423274134379,31.46754961063516
AUS,20,9816,9.861750905879706,0.8898407322454911,11.08260225511797,OECD (other),1.719423274134379,31.46754961063516
AUS,25,9202,9.930692282425715,0.917392591980013,10.82491004313895,OECD (other),1.719423274134379,31.46754961063516
AUS,30,8589,9.901214685976448,0.9491902158505047,10.431222868331659,OECD (other),1.719423274134379,31.46754961063516
AUT,0,5181,-11.092581023670267,1.1317425509185548,-9.80132894594023,OECD (other),1.5885567276975396,-10.958727843344091
AUT,5,4922,-11.139523711409772,1.1662688916046635,-9.551419738275756,OECD (other),1.5885567276975396,-10.958727843344091
AUT,10,4663,-11.528710619749079,1.2059957205765772,-9.55949546341449,OECD (other),1.5885567276975396,-10.958727843344091
AUT,15,4404,-12.025405432667041,1.2360756915054723,-9.72869664479912,OECD (other),1.5885567276975396,-10.958727843344091
AUT,20,4145,-11.620397368862251,1.2766346229408438,-9.10236739631392,OECD (other),1.5885567276975396,-10.958727843344091
AUT,25,3886,-11.887559404506675,1.3150546224293378,-9.039593642541211,OECD (other),1.5885567276975396,-10.958727843344091
AUT,30,3627,-11.83304743122642,1.3995402644798345,-8.454953195379767,OECD (other),1.5885567276975396,-10.958727843344091
BEL,0,7007,-1.0915922374261515,0.8582260044378182,-1.2719169913072026,OECD (other),1.7900176269766177,10.95977958449066
BEL,5,6656,-1.6551082705069986,0.8733018387357582,-1.8952304885823077,OECD (other),1.7900176269766177,10.95977958449066
BEL,10,6306,-1.4926478277892636,0.9036460656617872,-1.651805817022088,OECD (other),1.7900176269766177,10.95977958449066
BEL,15,5956,-1.974119611758182,0.924661526963844,-2.1349645834625215,OECD (other),1.7900176269766177,10.95977958449066
BEL,20,5605,-2.4024086290074673,0.9540443584088331,-2.5181309525421165,OECD (other),1.7900176269766177,10.95977958449066
BEL,25,5255,-2.731710297403518,0.9812565366071916,-2.783890038428405,OECD (other),1.7900176269766177,10.95977958449066
BEL,30,4905,-2.9816533808744174,1.0105745210325945,-2.9504537456849746,OECD (other),1.7900176269766177,10.95977958449066
BGR,0,4978,1.7005778105396436,0.9581656668802306,1.7748264932897178,Non-OECD,1.9631752563199816,12.060043848986254
BGR,5,4729,1.8925297996776747,0.9886362786144266,1.9142831803927471,Non-OECD,1.9631752563199816,12.060043848986254
BGR,10,4480,2.370272117346657,1.0245908570971554,2.3133840214639934,Non-OECD,1.9631752563199816,12.060043848986254
BGR,15,4231,2.3209409198079345,1.057566978733597,2.1946041872328386,Non-OECD,1.9631752563199816,12.060043848986254
BGR,20,3982,2.825501906857186,1.1061529922382798,2.554350010064915,Non-OECD,1.9631752563199816,12.060043848986254
BGR,25,3733,2.904473647849304,1.1519214859562499,2.521416331980473,Non-OECD,1.9631752563199816,12.060043848986254
BGR,30,3484,2.765052914022241,1.206968233647423,2.2909077778015177,Non-OECD,1.9631752563199816,12.060043848986254
BRA,0,8433,0.44841730965198817,0.581684969394933,0.7708937539136185,Non-OECD,2.007791880195702,8.517472286426084
BRA,5,8011,0.4372225185099222,0.6025730891935452,0.7255925071182315,Non-OECD,2.007791880195702,8.517472286426084
BRA,10,7589,0.3951591790325085,0.6233324119956835,0.6339461440282765,Non-OECD,2.007791880195702,8.517472286426084
BRA,15,7168,0.23935369092390432,0.6533178117982433,0.36636639412155075,Non-OECD,2.007791880195702,8.517472286426084
BRA,20,6746,0.23039107540670645,0.6799533325741067,0.338833658678475,Non-OECD,2.007791880195702,8.517472286426084
BRA,25,6325,0.14070843994505092,0.7061234339784446,0.19926889998859074,Non-OECD,2.007791880195702,8.517472286426084
BRA,30,5903,0.05585082898160293,0.7401449536514445,0.07545931199836929,Non-OECD,2.007791880195702,8.517472286426084
BRN,0,5209,5.617642498996168,0.7823714995807827,7.180274974237001,Non-OECD,2.364470924069152,14.192676104318366
BRN,5,4948,5.757895019336382,0.805634007788435,7.147035705633276,Non-OECD,2.364470924069152,14.192676104318366
BRN,10,4688,5.469286202573921,0.8354566747911232,6.546462991562459,Non-OECD,2.364470924069152,14.192676104318366
BRN,15,4427,5.428149686889143,0.8629977855305153,6.289876727264447,Non-OECD,2.364470924069152,14.192676104318366
BRN,20,4167,5.517614067211148,0.8941565521807684,6.17074722961452,Non-OECD,2.364470924069152,14.192676104318366
BRN,25,3907,5.269362685925773,0.9244774648669151,5.699828158260552,Non-OECD,2.364470924069152,14.192676104318366
BRN,30,3646,5.049241245988593,0.9608534990049431,5.2549543205260445,Non-OECD,2.364470924069152,14.192676104318366
CAN,0,18395,-2.7025451622410204,0.5289678857522375,-5.109091184992772,OECD (other),1.8887408162888757,8.35363637182536
CAN,5,17475,-2.897001643387406,0.5476248020433003,-5.290121324998611,OECD (other),1.8887408162888757,8.35363637182536
CAN,10,16555,-3.208552599498472,0.5639715926440484,-5.689209600887744,OECD (other),1.8887408162888757,8.35363637182536
CAN,15,15636,-3.268487773360694,0.581461543571001,-5.6211589734508145,OECD (other),1.8887408162888757,8.35363637182536
CAN,20,14716,-3.5278582963706002,0.5978168717065904,-5.90123575184422,OECD (other),1.8887408162888757,8.35363637182536
CAN,25,13796,-3.8956227917461765,0.6176236901018893,-6.307437448041405,OECD (other),1.8887408162888757,8.35363637182536
CAN,30,12877,-4.109437456210873,0.6376324162991537,-6.444837732783768,OECD (other),1.8887408162888757,8.35363637182536
CHE,0,5652,-16.027692971474384,1.4020633017016537,-11.431504520531934,OECD (other),1.3451965283124816,-14.440780916351857
CHE,5,5369,-15.851417837145183,1.4420739257789057,-10.992097945730054,OECD (other),1.3451965283124816,-14.440780916351857
CHE,10,5086,-16.3403047121573,1.4827548864076332,-11.020233257666762,OECD (other),1.3451965283124816,-14.440780916351857
CHE,15,4804,-16.153220044426188,1.5237374630684093,-10.601051976432883,OECD (other),1.3451965283124816,-14.440780916351857
CHE,20,4521,-16.44837939388103,1.5716062319328523,-10.465967275818103,OECD (other),1.3451965283124816,-14.440780916351857
CHE,25,4239,-16.729801858760148,1.6798020129133782,-9.95938910070996,OECD (other),1.3451965283124816,-14.440780916351857
CHE,30,3957,-16.685790787230133,1.7618282343681222,-9.47072504670949,OECD (other),1.3451965283124816,-14.440780916351857
CHL,0,5246,-2.570372349143928,0.7014933389310087,-3.6641436297326293,OECD (other),2.112364902596471,4.039121201705598
CHL,5,4983,-2.498655941796125,0.7245306124582152,-3.4486547549986737,OECD (other),2.112364902596471,4.039121201705598
CHL,10,4721,-2.5048719342827246,0.7466571277065055,-3.3547820563595216,OECD (other),2.112364902596471,4.039121201705598
CHL,15,4459,-2.649007444541689,0.7674406289253596,-3.4517425123179506,OECD (other),2.112364902596471,4.039121201705598
CHL,20,4197,-2.9206301326083906,0.7880957067778233,-3.70593331176687,OECD (other),2.112364902596471,4.039121201705598
CHL,25,3934,-3.452295998029021,0.8089553083276722,-4.2675979284515035,OECD (other),2.112364902596471,4.039121201705598
CHL,30,3672,-3.815703268847968,0.8375035190793286,-4.5560444606162225,OECD (other),2.112364902596471,4.039121201705598
COL,0,6890,1.6601085714737671,0.5226826645652007,3.176130918469903,OECD (other),2.452004781987848,10.13071602057164
COL,5,6545,1.887471135276713,0.5386520308603744,3.504063898658112,OECD (other),2.452004781987848,10.13071602057164
COL,10,6201,1.8356573729191648,0.5545091297247834,3.3104186649374863,OECD (other),2.452004781987848,10.13071602057164
COL,15,5856,1.6748638528391249,0.5736446685733422,2.919688693358768,OECD (other),2.452004781987848,10.13071602057164
COL,20,5512,1.7315122460925514,0.5983812027934363,2.893660826926538,OECD (other),2.452004781987848,10.13071602057164
COL,25,5167,1.2827078284803246,0.622542837004301,2.0604330372713977,OECD (other),2.452004781987848,10.13071602057164
COL,30,4823,1.1921746792894805,0.644786844010741,1.8489438647256595,OECD (other),2.452004781987848,10.13071602057164
CZE,0,7785,-14.141205317874892,0.9063810874994985,-15.60183184855202,OECD (other),1.5273766905049355,-13.761398049200864
CZE,5,7395,-14.908689377788747,0.9538039004902807,-15.630769983353266,OECD (other),1.5273766905049355,-13.761398049200864
CZE,10,7006,-15.385560922173033,0.9901676639223684,-15.53833909423576,OECD (other),1.5273766905049355,-13.761398049200864
CZE,15,6617,-15.939922677611726,1.033940922647648,-15.416666782850436,OECD (other),1.5273766905049355,-13.761398049200864
CZE,20,6228,-15.743427939709369,1.0725648230451896,-14.678299718063812,OECD (other),1.5273766905049355,-13.761398049200864
CZE,25,5839,-16.08251196843465,1.1226608722249947,-14.325351819343998,OECD (other),1.5273766905049355,-13.761398049200864
CZE,30,5449,-15.545915904575816,1.1704301312630325,-13.282224619251672,OECD (other),1.5273766905049355,-13.761398049200864
DEU,0,4921,-13.589853262016899,1.2254874820769355,-11.08934482054851,OECD (other),1.5588305423121682,-12.34454282353778
DEU,5,4675,-13.858910660897244,1.2724790609203833,-10.891268144619294,OECD (other),1.5588305423121682,-12.34454282353778
DEU,10,4429,-14.204847388870183,1.3184898705477466,-10.773573393452764,OECD (other),1.5588305423121682,-12.34454282353778
DEU,15,4183,-14.570381860329121,1.3641503972182507,-10.680920439594317,OECD (other),1.5588305423121682,-12.34454282353778
DEU,20,3937,-15.48129976356101,1.4094875219475762,-10.983637330942482,OECD (other),1.5588305423121682,-12.34454282353778
DEU,25,3691,-15.817800931666152,1.4570312282212192,-10.856185252101238,OECD (other),1.5588305423121682,-12.34454282353778
DEU,30,3445,-17.362367123441405,1.5137023951634483,-11.470132556384462,OECD (other),1.5588305423121682,-12.34454282353778
DNK,0,5333,-12.986636137771226,1.2654240656852878,-10.262675169480312,Nordic,1.3917429788696392,-6.215996931853624
DNK,5,5067,-13.317999112189758,1.306731981795688,-10.191836809479783,Nordic,1.3917429788696392,-6.215996931853624
DNK,10,4799,-13.505074011906844,1.355137384591699,-9.96583384493957,Nordic,1.3917429788696392,-6.215996931853624
DNK,15,4533,-13.690738960412594,1.4071433116256173,-9.729456017238373,Nordic,1.3917429788696392,-6.215996931853624
DNK,20,4266,-14.048077183042514,1.449589000774354,-9.691076005363032,Nordic,1.3917429788696392,-6.215996931853624
DNK,25,4000,-13.675175286715117,1.5158748165417861,-9.021309106455593,Nordic,1.3917429788696392,-6.215996931853624
DNK,30,3733,-14.043239332799477,1.566272760688993,-8.966024108484111,Nordic,1.3917429788696392,-6.215996931853624
DOM,0,4774,1.910831326661039,0.46316766977926505,4.12557147516729,Non-OECD,2.319061468482985,8.553575007638244
DOM,5,4535,1.9817376684852814,0.47940362811211523,4.1337560925213195,Non-OECD,2.319061468482985,8.553575007638244
DOM,10,4296,1.993128187628425,0.49397840609036947,4.0348488173869645,Non-OECD,2.319061468482985,8.553575007638244
DOM,15,4058,2.0895898236540695,0.5096949797520592,4.099686884635491,Non-OECD,2.319061468482985,8.553575007638244
DOM,20,3819,2.0970465077774,0.5311573675108854,3.948070074984743,Non-OECD,2.319061468482985,8.553575007638244
DOM,25,3580,2.106386939135455,0.5500424418987999,3.8294989235085253,Non-OECD,2.319061468482985,8.553575007638244
DOM,30,3342,2.2324254577716443,0.5701808215859717,3.9152938388248466,Non-OECD,2.319061468482985,8.553575007638244
ESP,0,28586,-8.11266914567447,0.4023975157366029,-20.16083307776874,OECD (other),1.8288718613497408,-4.019716386549987
ESP,5,27156,-8.28858094395431,0.41431470664085174,-20.005519502688706,OECD (other),1.8288718613497408,-4.019716386549987
ESP,10,25727,-8.624731049780163,0.426581673052215,-20.21824094802232,OECD (other),1.8288718613497408,-4.019716386549987
ESP,15,24298,-8.673724603140812,0.4363178676123171,-19.87937063088075,OECD (other),1.8288718613497408,-4.019716386549987
ESP,20,22870,-9.022292200640512,0.45109646550797267,-20.000804463144377,OECD (other),1.8288718613497408,-4.019716386549987
ESP,25,21439,-9.262462269231625,0.46738176691822997,-19.817765528821162,OECD (other),1.8288718613497408,-4.019716386549987
ESP,30,20010,-9.484922817141983,0.4861877334430136,-19.508766191966703,OECD (other),1.8288718613497408,-4.019716386549987
EST,0,6172,-12.616691605713514,0.9205785418616651,-13.70517672527872,OECD (other),1.7626099144226757,-13.370443705198229
EST,5,5863,-12.778449504830943,0.9459523249128692,-13.508555524727903,OECD (other),1.7626099144226757,-13.370443705198229
EST,10,5554,-12.809264461200168,0.9681581040225217,-13.230550266511218,OECD (other),1.7626099144226757,-13.370443705198229
EST,15,5246,-13.232826533645932,1.008044688597659,-13.127222119541916,OECD (other),1.7626099144226757,-13.370443705198229
EST,20,4937,-13.743447777055241,1.0471775833989778,-13.124276144688007,OECD (other),1.7626099144226757,-13.370443705198229
EST,25,4629,-14.266677923834575,1.095444361830534,-13.023644487059434,OECD (other),1.7626099144226757,-13.370443705198229
EST,30,4320,-15.110796033295802,1.129428393503271,-13.379153667657496,OECD (other),1.7626099144226757,-13.370443705198229
FIN,0,9142,-14.173707783867007,1.1253719911692341,-12.594686819191999,Nordic,1.2847515491380772,-11.846229041238985
FIN,5,8684,-14.068155867622155,1.1505452629970376,-12.227381503424064,Nordic,1.2847515491380772,-11.846229041238985
FIN,10,8227,-14.533152348468878,1.2098790161510449,-12.01207075621726,Nordic,1.2847515491380772,-11.846229041238985
FIN,15,7770,-14.696107275570512,1.2658821838877954,-11.609379974395104,Nordic,1.2847515491380772,-11.846229041238985
FIN,20,7313,-14.192600574486564,1.3161955602526365,-10.78304850972326,Nordic,1.2847515491380772,-11.846229041238985
FIN,25,6856,-13.984086038887405,1.353386067886487,-10.332665874657353,Nordic,1.2847515491380772,-11.846229041238985
FIN,30,6399,-14.263104059454605,1.4113803592582592,-10.105783296396782,Nordic,1.2847515491380772,-11.846229041238985
FRA,0,5926,-6.4464641058068795,0.9665569569587315,-6.669512913228269,OECD (other),1.6591948075720755,4.381543678986986
FRA,5,5629,-6.648523179619854,0.997273608807043,-6.666699209631086,OECD (other),1.6591948075720755,4.381543678986986
FRA,10,5333,-7.073422533337736,1.036124708844802,-6.826806148869906,OECD (other),1.6591948075720755,4.381543678986986
FRA,15,5037,-7.747323791055065,1.07042240624706,-7.237632308368306,OECD (other),1.6591948075720755,4.381543678986986
FRA,20,4741,-7.402471597615017,1.1091925399026983,-6.673748092702088,OECD (other),1.6591948075720755,4.381543678986986
FRA,25,4444,-7.43199179389937,1.1455433248891798,-6.487743966050646,OECD (other),1.6591948075720755,4.381543678986986
FRA,30,4148,-8.21891387060406,1.1868761986612133,-6.9248282844284255,OECD (other),1.6591948075720755,4.381543678986986
GBR,0,10183,0.5073913127295087,0.9701411341654105,0.5230077303814207,OECD (other),1.6697859106769315,11.409624901851204
GBR,5,9673,0.22952526681216057,0.9951735659669183,0.23063842797025266,OECD (other),1.6697859106769315,11.409624901851204
GBR,10,9164,-0.18395538669996833,1.023894692471945,-0.17966240869542233,OECD (other),1.6697859106769315,11.409624901851204
GBR,15,8655,-0.4726939952213523,1.0462268298689903,-0.45180832848699126,OECD (other),1.6697859106769315,11.409624901851204
GBR,20,8148,-1.0115845946092334,1.0807217634570225,-0.9360268561385935,OECD (other),1.6697859106769315,11.409624901851204
GBR,25,7637,-0.6883649825378562,1.111376285481495,-0.6193806647940373,OECD (other),1.6697859106769315,11.409624901851204
GBR,30,7128,-1.1306329243387045,1.1522566326330046,-0.9812336005001872,OECD (other),1.6697859106769315,11.409624901851204
GEO,0,5150,5.178356581547568,0.8352072791985979,6.2000855482441795,Non-OECD,2.1750121523352903,16.98206374490985
GEO,5,4892,5.2653182052954985,0.8582395356676022,6.135021735161319,Non-OECD,2.1750121523352903,16.98206374490985
GEO,10,4635,5.379436165031648,0.881267290835039,6.104204956857526,Non-OECD,2.1750121523352903,16.98206374490985
GEO,15,4377,5.409395571215818,0.914385665721254,5.915879670914314,Non-OECD,2.1750121523352903,16.98206374490985
GEO,20,4120,5.317420087675108,0.9454803227268658,5.6240409872720605,Non-OECD,2.1750121523352903,16.98206374490985
GEO,25,3862,5.216322460018541,0.9769657057352672,5.339309690602417,Non-OECD,2.1750121523352903,16.98206374490985
GEO,30,3605,5.052733055781571,1.0153324566020314,4.9764321261740525,Non-OECD,2.1750121523352903,16.98206374490985
GRC,0,6015,4.311171356533858,0.8169983952223647,5.2768418906875265,OECD (other),2.0976177773775357,15.82287255609333
GRC,5,5714,4.302973139653576,0.8449161026750504,5.092781550771881,OECD (other),2.0976177773775357,15.82287255609333
GRC,10,5413,4.36506079517158,0.8719186279788076,5.0062708320502525,OECD (other),2.0976177773775357,15.82287255609333
GRC,15,5112,4.323285369098776,0.9080816701167632,4.760899279624131,OECD (other),2.0976177773775357,15.82287255609333
GRC,20,4812,3.649274001589489,0.9369649790205635,3.894781644244783,OECD (other),2.0976177773775357,15.82287255609333
GRC,25,4511,3.449220702229079,0.9762129304462287,3.53326676450847,OECD (other),2.0976177773775357,15.82287255609333
GRC,30,4210,2.884570070968194,1.0082518188064984,2.8609619314971897,OECD (other),2.0976177773775357,15.82287255609333
GTM,0,4598,1.6515329715688145,0.5672787846777312,2.911325112408432,Non-OECD,2.4304444134531966,14.1025621320112
GTM,5,4368,1.4688222241060427,0.5916663920882773,2.482517587186011,Non-OECD,2.4304444134531966,14.1025621320112
GTM,10,4138,1.3333505963353203,0.6083722174774838,2.1916691098483114,Non-OECD,2.4304444134531966,14.1025621320112
GTM,15,3908,1.3496322186609737,0.6347763153677571,2.126154026208532,Non-OECD,2.4304444134531966,14.1025621320112
GTM,20,3678,1.6462146779546383,0.6583054388089304,2.500685215259847,Non-OECD,2.4304444134531966,14.1025621320112
GTM,25,3448,1.743977008170573,0.6847252193403665,2.5469735288129773,Non-OECD,2.4304444134531966,14.1025621320112
GTM,30,3218,1.862714648449934,0.721197435597088,2.5828081971863504,Non-OECD,2.4304444134531966,14.1025621320112
HKG,0,5480,-1.003507327498533,1.1689263130259737,-0.8584863873076617,East Asia,2.168914664953165,13.009548855442176
HKG,5,5206,-1.1272696925522065,1.1989536163943326,-0.9402112618353791,East Asia,2.168914664953165,13.009548855442176
HKG,10,4932,-1.4549693985997583,1.2327621542028289,-1.180251513756618,East Asia,2.168914664953165,13.009548855442176
HKG,15,4658,-1.8317392415330533,1.2659062851761393,-1.4469785504526376,East Asia,2.168914664953165,13.009548855442176
HKG,20,4384,-2.3460726203916735,1.3092393140989884,-1.791935664570406,East Asia,2.168914664953165,13.009548855442176
HKG,25,4110,-3.015687007811,1.3427944427912888,-2.245829228740508,East Asia,2.168914664953165,13.009548855442176
HKG,30,3836,-4.106102091802148,1.392099817122674,-2.9495744782791764,East Asia,2.168914664953165,13.009548855442176
HRV,0,5816,3.38079880334047,0.9521870715756641,3.5505615485263604,Non-OECD,1.849605300005941,11.38963578630387
HRV,5,5526,3.82155736491223,0.9839359045997617,3.8839495002133657,Non-OECD,1.849605300005941,11.38963578630387
HRV,10,5234,4.132319014528662,1.0187875933397241,4.056114386888398,Non-OECD,1.849605300005941,11.38963578630387
HRV,15,4943,4.30322452963923,1.0469563903015904,4.11022328102857,Non-OECD,1.849605300005941,11.38963578630387
HRV,20,4653,4.184731175905943,1.0844342771642645,3.8589071408262594,Non-OECD,1.849605300005941,11.38963578630387
HRV,25,4362,4.451355697235832,1.1099279499556143,4.0104906786191306,Non-OECD,1.849605300005941,11.38963578630387
HRV,30,4071,4.390773673058295,1.1468715725957097,3.8284789491474402,Non-OECD,1.849605300005941,11.38963578630387
HUN,0,5796,-10.52006426280764,1.1086453143342188,-9.489116245555339,OECD (other),1.6666886211272955,0.6740516506251879
HUN,5,5506,-10.78807689669817,1.1595568658814324,-9.303620386480707,OECD (other),1.6666886211272955,0.6740516506251879
HUN,10,5216,-11.332614536462627,1.1967548349901853,-9.469453730308569,OECD (other),1.6666886211272955,0.6740516506251879
HUN,15,4926,-11.879257078642675,1.2332766910841275,-9.632272436933892,OECD (other),1.6666886211272955,0.6740516506251879
HUN,20,4637,-11.69501786296824,1.2729904683462367,-9.18704275779962,OECD (other),1.6666886211272955,0.6740516506251879
HUN,25,4348,-12.075413049959199,1.320344865708193,-9.145650779262365,OECD (other),1.6666886211272955,0.6740516506251879
HUN,30,4057,-12.349507762351223,1.3629893279718464,-9.060604884359236,OECD (other),1.6666886211272955,0.6740516506251879
IDN,0,12785,3.12874936165824,0.3536249754688956,8.847648154685954,Non-OECD,2.1220405476236546,8.900114163131093
IDN,5,12145,3.1743376036831252,0.3661286268454327,8.670006579472478,Non-OECD,2.1220405476236546,8.900114163131093
IDN,10,11506,3.1757220827680674,0.3795546344794212,8.366969585613766,Non-OECD,2.1220405476236546,8.900114163131093
IDN,15,10868,3.3211034546086347,0.39538155793698454,8.399742951940992,Non-OECD,2.1220405476236546,8.900114163131093
IDN,20,10228,3.677274637583865,0.4151918017727884,8.856809363486022,Non-OECD,2.1220405476236546,8.900114163131093
IDN,25,9589,3.8079040930996553,0.43017009502342296,8.852089294799335,Non-OECD,2.1220405476236546,8.900114163131093
IDN,30,8949,3.9085765105038814,0.45362600908662915,8.61629719683348,Non-OECD,2.1220405476236546,8.900114163131093
IRL,0,5376,-1.345141935476626,1.2273383068432397,-1.095983012977393,OECD (other),1.4825915953918989,8.098287498284321
IRL,5,5107,-1.9780810999164513,1.260037140745292,-1.5698593604522226,OECD (other),1.4825915953918989,8.098287498284321
IRL,10,4838,-2.247137451732723,1.2810036839299932,-1.75420061622206,OECD (other),1.4825915953918989,8.098287498284321
IRL,15,4569,-2.9847537820927266,1.3083889851920538,-2.2812434343862997,OECD (other),1.4825915953918989,8.098287498284321
IRL,20,4301,-3.3625860493863624,1.3623207459076454,-2.468277796904606,OECD (other),1.4825915953918989,8.098287498284321
IRL,25,4032,-3.659560135228679,1.4145413191059273,-2.5871002040023368,OECD (other),1.4825915953918989,8.098287498284321
IRL,30,3763,-3.5584973686762726,1.471908947909219,-2.417606995141214,OECD (other),1.4825915953918989,8.098287498284321
ISL,0,2911,-5.512626497692962,1.5622143866032399,-3.5287259834286884,Nordic,1.549673632365154,-7.097620606972498
ISL,5,2765,-6.222518387860585,1.6150056489508295,-3.8529390853233085,Nordic,1.549673632365154,-7.097620606972498
ISL,10,2620,-6.986642387025155,1.6725545560540964,-4.177228396966671,Nordic,1.549673632365154,-7.097620606972498
ISL,15,2474,-6.441778217756981,1.722016297492859,-3.7408346408427033,Nordic,1.549673632365154,-7.097620606972498
ISL,20,2329,-6.55187778417388,1.7641934418280383,-3.7138091712805,Nordic,1.549673632365154,-7.097620606972498
ISL,25,2183,-6.313750667047677,1.8349668175212255,-3.440798278617725,Nordic,1.549673632365154,-7.097620606972498
ISL,30,2038,-5.49788154844068,1.9325838885088706,-2.8448346181146613,Nordic,1.549673632365154,-7.097620606972498
ISR,0,5601,2.553192572283854,0.9294476372316327,2.7469999061900454,OECD (other),2.084157217899844,8.100450886453075
ISR,5,5321,2.050761102368546,0.9576774284466217,2.1413902442025132,OECD (other),2.084157217899844,8.100450886453075
ISR,10,5041,1.9915251204068412,0.9915607919696892,2.00847505925559,OECD (other),2.084157217899844,8.100450886453075
ISR,15,4762,1.7945101677205313,1.0259545010975608,1.7491128171870913,OECD (other),2.084157217899844,8.100450886453075
ISR,20,4481,1.4615843910126098,1.0585791106268927,1.380703979834872,OECD (other),2.084157217899844,8.100450886453075
ISR,25,4201,1.4152342664796027,1.0988166478832897,1.287962162937598,OECD (other),2.084157217899844,8.100450886453075
ISR,30,3922,1.8782807664744439,1.1377469417378563,1.650877446970287,OECD (other),2.084157217899844,8.100450886453075
ITA,0,10080,-0.8106524800354372,0.6806127203277609,-1.1910627818490571,OECD (other),2.134724514419104,6.948545776254832
ITA,5,9576,-0.9586777705158805,0.7033340050966229,-1.3630476609533175,OECD (other),2.134724514419104,6.948545776254832
ITA,10,9072,-1.2658320355711146,0.7265624611731716,-1.7422205291575221,OECD (other),2.134724514419104,6.948545776254832
ITA,15,8569,-1.1740856330624743,0.7503676446636737,-1.5646805154941317,OECD (other),2.134724514419104,6.948545776254832
ITA,20,8064,-1.104872809688562,0.7758770544864724,-1.4240307833563157,OECD (other),2.134724514419104,6.948545776254832
ITA,25,7561,-0.918601562192652,0.7969752927045616,-1.1526098369691584,OECD (other),2.134724514419104,6.948545776254832
ITA,30,7057,-0.9119528725680667,0.8227007038714187,-1.108486802401712,OECD (other),2.134724514419104,6.948545776254832
JAM,0,2784,-2.8624359441976317,0.8384616638811729,-3.4139139181959033,Non-OECD,2.232627723331449,11.118882483916366
JAM,5,2644,-3.172230690959269,0.8705938596772825,-3.6437549561114206,Non-OECD,2.232627723331449,11.118882483916366
JAM,10,2505,-2.6695140951078993,0.9151620896479646,-2.9169850076883987,Non-OECD,2.232627723331449,11.118882483916366
JAM,15,2366,-2.5091092155404446,0.9475233285550209,-2.648071176639896,Non-OECD,2.232627723331449,11.118882483916366
JAM,20,2227,-2.6690523636135097,0.9816015880573337,-2.7190791010187474,Non-OECD,2.232627723331449,11.118882483916366
JAM,25,2088,-2.723312178070241,1.017324975821944,-2.676934355091352,Non-OECD,2.232627723331449,11.118882483916366
JAM,30,1949,-2.840733010029798,1.0532940499649515,-2.6969990100336405,Non-OECD,2.232627723331449,11.118882483916366
JOR,0,6372,-2.6586201743524964,0.4935251114368035,-5.387000808555485,Non-OECD,2.084916711686655,-0.3510327499241157
JOR,5,6053,-2.6348314849012495,0.5089270509793069,-5.177228209487301,Non-OECD,2.084916711686655,-0.3510327499241157
JOR,10,5734,-2.778978480470702,0.5269773121899661,-5.273430973568988,Non-OECD,2.084916711686655,-0.3510327499241157
JOR,15,5416,-2.795668966855084,0.5429958191839723,-5.148601274787871,Non-OECD,2.084916711686655,-0.3510327499241157
JOR,20,5097,-2.8963024655579273,0.564291369019397,-5.1326364792554,Non-OECD,2.084916711686655,-0.3510327499241157
JOR,25,4779,-3.033886389554527,0.5828810821446538,-5.204983456302338,Non-OECD,2.084916711686655,-0.3510327499241157
JOR,30,4460,-3.2870347722000752,0.6087998417621155,-5.399204380024234,Non-OECD,2.084916711686655,-0.3510327499241157
KAZ,0,19242,1.1409642866131549,0.4979037123627766,2.2915360104442026,Non-OECD,1.9329348074541597,8.533505112121588
KAZ,5,18279,1.2956378897288965,0.5126857060791419,2.5271582069988363,Non-OECD,1.9329348074541597,8.533505112121588
KAZ,10,17318,1.3038975935426427,0.5279112724147327,2.4699180746386618,Non-OECD,1.9329348074541597,8.533505112121588
KAZ,15,16355,1.4857198000611687,0.5460371266861744,2.7209135193385134,Non-OECD,1.9329348074541597,8.533505112121588
KAZ,20,15393,1.4487040459399914,0.5695887363003199,2.5434211626968537,Non-OECD,1.9329348074541597,8.533505112121588
KAZ,25,14432,1.6150443258403115,0.5915009732269882,2.7304170220199095,Non-OECD,1.9329348074541597,8.533505112121588
KAZ,30,13469,1.5272230919689245,0.6157204648077604,2.4803838417905313,Non-OECD,1.9329348074541597,8.533505112121588
KHM,0,4777,-0.6605581274750499,0.7818217336655261,-0.8448960920772326,Non-OECD,2.290104860018195,4.494874646425615
KHM,5,4538,-0.5351237131812598,0.8008474504007355,-0.6681968119065493,Non-OECD,2.290104860018195,4.494874646425615
KHM,10,4299,-0.5486129974642008,0.8263852319280587,-0.6638707666450173,Non-OECD,2.290104860018195,4.494874646425615
KHM,15,4060,-0.7108102022401387,0.8567795361935661,-0.8296302283292986,Non-OECD,2.290104860018195,4.494874646425615
KHM,20,3821,-0.6154884956833276,0.8875116534153047,-0.6934990580853976,Non-OECD,2.290104860018195,4.494874646425615
KHM,25,3583,-0.7274022747659478,0.9250544737445766,-0.7863345299239058,Non-OECD,2.290104860018195,4.494874646425615
KHM,30,3344,-0.7879489833197045,0.9571198775875271,-0.8232500460713165,Non-OECD,2.290104860018195,4.494874646425615
KOR,0,6308,17.35586798902616,0.8793130152916039,19.737986004074425,East Asia,2.8306867358374466,13.76158776921477
KOR,5,5992,17.562995466097842,0.9063328116752719,19.378086327509514,East Asia,2.8306867358374466,13.76158776921477
KOR,10,5677,17.34304201723819,0.9288317334839312,18.671887912557224,East Asia,2.8306867358374466,13.76158776921477
KOR,15,5361,17.26646434366511,0.9563546243887142,18.054457942001946,East Asia,2.8306867358374466,13.76158776921477
KOR,20,5046,16.852778379056776,0.979836457518609,17.199582899513317,East Asia,2.8306867358374466,13.76158776921477
KOR,25,4731,16.10472358985945,1.0134224211625025,15.891422227846146,East Asia,2.8306867358374466,13.76158776921477
KOR,30,4415,15.815894591611992,1.0416027988811205,15.184189797302071,East Asia,2.8306867358374466,13.76158776921477
KSV,0,5005,1.4535882094565522,0.629929740463891,2.307540216129667,Non-OECD,2.0089491018760146,12.544383612369757
KSV,5,4754,1.7485728788205979,0.6518589784942096,2.6824404303823366,Non-OECD,2.0089491018760146,12.544383612369757
KSV,10,4504,2.0343061685519164,0.6742781748118246,3.017013221760654,Non-OECD,2.0089491018760146,12.544383612369757
KSV,15,4254,2.1369261780271147,0.6881576095272266,3.105285981644832,Non-OECD,2.0089491018760146,12.544383612369757
KSV,20,4004,2.0153042759423783,0.7098212160977929,2.839171653703751,Non-OECD,2.0089491018760146,12.544383612369757
KSV,25,3754,2.25406495414855,0.7364852759282834,3.060570289484027,Non-OECD,2.0089491018760146,12.544383612369757
KSV,30,3503,2.4003369160157337,0.7552901022349903,3.1780330616181263,Non-OECD,2.0089491018760146,12.544383612369757
LTU,0,6746,-5.020797272795757,0.8944437726555534,-5.613317937123416,OECD (other),1.995000935605318,-1.4434991220311415
LTU,5,6408,-5.627848155080273,0.9206429670500034,-6.112954051138268,OECD (other),1.995000935605318,-1.4434991220311415
LTU,10,6071,-5.5809956488603945,0.9472932487985182,-5.891518445781121,OECD (other),1.995000935605318,-1.4434991220311415
LTU,15,5734,-5.636592603984286,0.9761317433103655,-5.774417892475101,OECD (other),1.995000935605318,-1.4434991220311415
LTU,20,5397,-6.224520842738359,1.006764978753965,-6.182695042136064,OECD (other),1.995000935605318,-1.4434991220311415
LTU,25,5059,-6.198741981802656,1.0320672357115996,-6.006141622671209,OECD (other),1.995000935605318,-1.4434991220311415
LTU,30,4722,-6.348680969426119,1.0666804737343205,-5.951811367841156,OECD (other),1.995000935605318,-1.4434991220311415
LVA,0,4909,-7.596013761131509,0.9998906442311484,-7.596844519904829,OECD (other),1.7695900563636002,-0.5082259237323683
LVA,5,4663,-8.116355771836329,1.0232632079466526,-7.93183582562608,OECD (other),1.7695900563636002,-0.5082259237323683
LVA,10,4418,-8.110855234219548,1.0515260570841334,-7.713413452359737,OECD (other),1.7695900563636002,-0.5082259237323683
LVA,15,4172,-8.188350867336736,1.0908066823304192,-7.506692982337617,OECD (other),1.7695900563636002,-0.5082259237323683
LVA,20,3927,-8.247737447983447,1.1178006645650849,-7.37854047634914,OECD (other),1.7695900563636002,-0.5082259237323683
LVA,25,3682,-8.251822725517343,1.1596302264503044,-7.1159086209546745,OECD (other),1.7695900563636002,-0.5082259237323683
LVA,30,3436,-8.084299479838231,1.1992620943404568,-6.7410614560316375,OECD (other),1.7695900563636002,-0.5082259237323683
MAC,0,4348,-3.3640166510334386,1.1185032101427508,-3.0076057185424623,East Asia,2.1435891530412836,4.48547272173505
MAC,5,4130,-3.451139947190708,1.156627241323162,-2.9837961824612242,East Asia,2.1435891530412836,4.48547272173505
MAC,10,3913,-3.893312363218259,1.1846649930534627,-3.2864247580940864,East Asia,2.1435891530412836,4.48547272173505
MAC,15,3695,-4.4474864213988425,1.2204519085683205,-3.6441308257824514,East Asia,2.1435891530412836,4.48547272173505
MAC,20,3478,-4.593266827909107,1.2529552387869531,-3.6659464645808675,East Asia,2.1435891530412836,4.48547272173505
MAC,25,3261,-4.749288597034998,1.293367066304358,-3.6720345838134905,East Asia,2.1435891530412836,4.48547272173505
MAC,30,3044,-4.830396141244569,1.3382178048500446,-3.6095739600369794,East Asia,2.1435891530412836,4.48547272173505
MAR,0,5414,1.3069446133773535,0.44121093869935135,2.9621763622409367,Non-OECD,2.4522029255162527,6.087080724651173
MAR,5,5143,1.2680299353807318,0.45572341014656315,2.7824551189348083,Non-OECD,2.4522029255162527,6.087080724651173
MAR,10,4872,1.3257526811559186,0.47025356481477615,2.8192294122812385,Non-OECD,2.4522029255162527,6.087080724651173
MAR,15,4602,1.3295809246814867,0.4839065704925526,2.7475984120822123,Non-OECD,2.4522029255162527,6.087080724651173
MAR,20,4331,1.5081834386617181,0.49985219372073314,3.017258816922065,Non-OECD,2.4522029255162527,6.087080724651173
MAR,25,4060,1.4539081077997131,0.5197802054230748,2.797159438990766,Non-OECD,2.4522029255162527,6.087080724651173
MAR,30,3790,1.5960032154601118,0.5407310258960816,2.951565822980599,Non-OECD,2.4522029255162527,6.087080724651173
MDA,0,5853,-1.1454640679729058,0.7667107892676845,-1.4939975855393706,Non-OECD,1.9948904277358837,6.420118140906311
MDA,5,5560,-1.0410527607084765,0.7981410838798841,-1.3043467899782355,Non-OECD,1.9948904277358837,6.420118140906311
MDA,10,5267,-1.213883743829919,0.8201078005367802,-1.4801514423291706,Non-OECD,1.9948904277358837,6.420118140906311
MDA,15,4975,-1.7202244360515058,0.8426700637487474,-2.0413973511754087,Non-OECD,1.9948904277358837,6.420118140906311
MDA,20,4682,-1.503665557084776,0.8825151850620973,-1.7038410018734942,Non-OECD,1.9948904277358837,6.420118140906311
MDA,25,4390,-1.4572839409085778,0.9128631080220656,-1.5963882515376584,Non-OECD,1.9948904277358837,6.420118140906311
MDA,30,4097,-1.2520994927972542,0.945521175511011,-1.3242426771886433,Non-OECD,1.9948904277358837,6.420118140906311
MEX,0,5939,2.8789198757676493,0.6002863033127945,4.795911317449325,OECD (other),2.3595051499090336,11.211850721392864
MEX,5,5642,2.99588943834491,0.62098538269623,4.82441217108394,OECD (other),2.3595051499090336,11.211850721392864
MEX,10,5345,3.014596475477165,0.6414048179942756,4.699990381899609,OECD (other),2.3595051499090336,11.211850721392864
MEX,15,5048,2.9320362987360618,0.6702653590820519,4.3744410463813495,OECD (other),2.3595051499090336,11.211850721392864
MEX,20,4751,2.9209047902755105,0.6948891764847035,4.203410974181159,OECD (other),2.3595051499090336,11.211850721392864
MEX,25,4454,2.946055906385306,0.7231540437650278,4.073898129708252,OECD (other),2.3595051499090336,11.211850721392864
MEX,30,4157,2.5563032783496724,0.7528467113784942,3.395516297957884,OECD (other),2.3595051499090336,11.211850721392864
MKD,0,5454,-1.1816986510228544,0.8185132341361946,-1.4437135549432405,Non-OECD,1.8638921403088031,10.826650649244186
MKD,5,5181,-1.4134150965317691,0.8514307458530754,-1.6600470483546184,Non-OECD,1.8638921403088031,10.826650649244186
MKD,10,4908,-1.5628469357530135,0.8699826563979345,-1.7964116000010917,Non-OECD,1.8638921403088031,10.826650649244186
MKD,15,4636,-1.597318944766025,0.8979323505862117,-1.7788856184134823,Non-OECD,1.8638921403088031,10.826650649244186
MKD,20,4363,-1.5812235299298938,0.9244755077101231,-1.7104006723190546,Non-OECD,1.8638921403088031,10.826650649244186
MKD,25,4090,-1.6051198953309727,0.9662184740685146,-1.6612390866138145,Non-OECD,1.8638921403088031,10.826650649244186
MKD,30,3819,-1.5172364609442532,1.0130719692950907,-1.497659107081965,Non-OECD,1.8638921403088031,10.826650649244186
MLT,0,2800,0.9091204636958705,1.4485607644928302,0.6276025735200494,Non-OECD,1.984520440316532,15.025613203496164
MLT,5,2660,0.6752666013818984,1.4941119532261404,0.4519518098518912,Non-OECD,1.984520440316532,15.025613203496164
MLT,10,2520,0.20479365598422086,1.5214304058127057,0.1346059965686211,Non-OECD,1.984520440316532,15.025613203496164
MLT,15,2380,-0.0010368995763051837,1.5683863205346278,-6.611251084820274e-4,Non-OECD,1.984520440316532,15.025613203496164
MLT,20,2240,-0.07319902104193367,1.6250840728106415,-0.04504322100414985,Non-OECD,1.984520440316532,15.025613203496164
MLT,25,2100,-1.1138711546590054,1.6869662153059461,-0.660280653253625,Non-OECD,1.984520440316532,15.025613203496164
MLT,30,1960,-1.396491228689271,1.7423832306127236,-0.8014833959336163,Non-OECD,1.984520440316532,15.025613203496164
MNE,0,5102,2.4529389589961808,0.8759793075461453,2.800224774564054,Non-OECD,1.803285362292394,17.27764909923809
MNE,5,4846,2.537457860827285,0.8991885079646086,2.8219420492495413,Non-OECD,1.803285362292394,17.27764909923809
MNE,10,4591,2.7361794302677187,0.9258928384452425,2.955179386485272,Non-OECD,1.803285362292394,17.27764909923809
MNE,15,4336,2.674819802568319,0.9584908476341838,2.790657635563764,Non-OECD,1.803285362292394,17.27764909923809
MNE,20,4081,2.4885526385390433,0.9904252830270958,2.5126101697779077,Non-OECD,1.803285362292394,17.27764909923809
MNE,25,3826,2.098665556880097,1.0184604300195608,2.060625523605065,Non-OECD,1.803285362292394,17.27764909923809
MNE,30,3571,1.9492934066920493,1.0496739613219663,1.8570465482797118,Non-OECD,1.803285362292394,17.27764909923809
MNG,0,6596,2.7093409317082853,0.663644590745212,4.082517916202623,Non-OECD,2.354119077126432,11.195733344851476
MNG,5,6266,2.833576257678847,0.684320358200143,4.140716001978289,Non-OECD,2.354119077126432,11.195733344851476
MNG,10,5936,2.9521143414780275,0.7067930479267953,4.176773314532922,Non-OECD,2.354119077126432,11.195733344851476
MNG,15,5606,3.0978632827886394,0.7351035511218275,4.21418625724369,Non-OECD,2.354119077126432,11.195733344851476
MNG,20,5277,3.2931171868329385,0.7632414852217294,4.314646478992497,Non-OECD,2.354119077126432,11.195733344851476
MNG,25,4947,3.419616435636561,0.7950698598109333,4.301026373267051,Non-OECD,2.354119077126432,11.195733344851476
MNG,30,4617,3.617715245914879,0.8314612062328413,4.351033119519685,Non-OECD,2.354119077126432,11.195733344851476
MYS,0,6608,5.277024768369886,0.6087198418963359,8.669053323332536,Non-OECD,2.4533543958604778,16.616832209678932
MYS,5,6277,5.359202757331564,0.6349139208120218,8.44083360225812,Non-OECD,2.4533543958604778,16.616832209678932
MYS,10,5947,5.443526748476385,0.6574258733277007,8.280061630253185,Non-OECD,2.4533543958604778,16.616832209678932
MYS,15,5616,5.353539177654599,0.6842913919272035,7.823478770611397,Non-OECD,2.4533543958604778,16.616832209678932
MYS,20,5286,5.339594342200369,0.7118273171838395,7.50124954929391,Non-OECD,2.4533543958604778,16.616832209678932
MYS,25,4956,5.427938312618736,0.7392015347675231,7.342974895643051,Non-OECD,2.4533543958604778,16.616832209678932
MYS,30,4625,5.3358211102096975,0.7716251534216875,6.915042992764792,Non-OECD,2.4533543958604778,16.616832209678932
NLD,0,4453,2.9498118432461666,1.5206967552517854,1.9397765090632808,OECD (other),1.7042317347207312,25.974395074725063
NLD,5,4230,2.7554345122558526,1.568140348614698,1.7571351407991098,OECD (other),1.7042317347207312,25.974395074725063
NLD,10,4007,2.6491003215818547,1.6151280676183868,1.6401797323032894,OECD (other),1.7042317347207312,25.974395074725063
NLD,15,3785,2.1912167929994624,1.6636364745668806,1.3171247604257623,OECD (other),1.7042317347207312,25.974395074725063
NLD,20,3562,0.6813429105178928,1.7096626531086645,0.39852476702290535,OECD (other),1.7042317347207312,25.974395074725063
NLD,25,3340,0.6817202585848604,1.763961738525571,0.3864711142514262,OECD (other),1.7042317347207312,25.974395074725063
NLD,30,3117,-0.3369961650281253,1.8119670448787004,-0.18598360603776048,OECD (other),1.7042317347207312,25.974395074725063
NZL,0,3949,4.480013273259962,1.5759192639984325,2.842793647875871,OECD (other),1.4824864382255367,14.68835429509994
NZL,5,3751,4.579789378307191,1.6547506533966896,2.767661320396704,OECD (other),1.4824864382255367,14.68835429509994
NZL,10,3554,4.427699313919722,1.719730187160997,2.5746476668117078,OECD (other),1.4824864382255367,14.68835429509994
NZL,15,3356,4.124728497673739,1.7838998888404027,2.312197295081932,OECD (other),1.4824864382255367,14.68835429509994
NZL,20,3159,4.661793682629212,1.8605287118636737,2.505628455450998,OECD (other),1.4824864382255367,14.68835429509994
NZL,25,2962,5.206751687146799,1.9131649553515804,2.7215382931734493,OECD (other),1.4824864382255367,14.68835429509994
NZL,30,2764,5.37499597746272,1.9849146298538376,2.707922999115844,OECD (other),1.4824864382255367,14.68835429509994
PAN,0,2956,1.2987313105690572,0.6695515065121581,1.939703365517667,Non-OECD,2.430084404667868,5.976636558925463
PAN,5,2808,1.1811821073732287,0.7007830143596981,1.6855176041223956,Non-OECD,2.430084404667868,5.976636558925463
PAN,10,2660,1.036361423736098,0.7272853844384897,1.4249721579875205,Non-OECD,2.430084404667868,5.976636558925463
PAN,15,2512,0.9283918103934241,0.7578055134968454,1.2251056423559379,Non-OECD,2.430084404667868,5.976636558925463
PAN,20,2365,0.5426844719977446,0.7895203903370723,0.6873596662475743,Non-OECD,2.430084404667868,5.976636558925463
PAN,25,2217,0.7154695569165653,0.8252344307088112,0.8669894641962933,Non-OECD,2.430084404667868,5.976636558925463
PAN,30,2069,0.44849249352135856,0.8618441798515625,0.5203869841049499,Non-OECD,2.430084404667868,5.976636558925463
PER,0,6053,3.4890916287896583,0.6339281363578861,5.503922966466787,Non-OECD,2.540551876515324,11.311927173595793
PER,5,5750,3.457491564934443,0.6558337114396274,5.271902777527045,Non-OECD,2.540551876515324,11.311927173595793
PER,10,5447,3.3505359625206785,0.6775285302667808,4.945232285939878,Non-OECD,2.540551876515324,11.311927173595793
PER,15,5145,3.330538227427287,0.7009371990492326,4.751550113112709,Non-OECD,2.540551876515324,11.311927173595793
PER,20,4842,3.1234872129039353,0.7259932334503216,4.30236408411053,Non-OECD,2.540551876515324,11.311927173595793
PER,25,4540,3.0637006581065935,0.7531289387449199,4.067963001411435,Non-OECD,2.540551876515324,11.311927173595793
PER,30,4237,2.8986994520215186,0.786743310176858,3.6844284718098184,Non-OECD,2.540551876515324,11.311927173595793
PHL,0,6765,2.2596630737646315,0.4624511861603678,4.88627371145077,Non-OECD,2.515598305723145,8.719569907779146
PHL,5,6426,2.1133910494836012,0.48098560847194655,4.393875850459805,Non-OECD,2.515598305723145,8.719569907779146
PHL,10,6088,2.2085192258328243,0.5001859029247877,4.4153967813141595,Non-OECD,2.515598305723145,8.719569907779146
PHL,15,5750,2.2629404791331167,0.5191227184515618,4.359162869779637,Non-OECD,2.515598305723145,8.719569907779146
PHL,20,5412,2.410844061037089,0.5429570793947984,4.440211118942057,Non-OECD,2.515598305723145,8.719569907779146
PHL,25,5074,2.592757288209377,0.5674367587564652,4.569244498525953,Non-OECD,2.515598305723145,8.719569907779146
PHL,30,4735,2.708345711737041,0.5905360538205872,4.586249551089852,Non-OECD,2.515598305723145,8.719569907779146
POL,0,5582,-2.9893452929121973,0.9108589705836085,-3.2818969669880445,OECD (other),1.815381395670944,9.036300534420832
POL,5,5302,-3.259574846871683,0.9385797979499338,-3.4728798275770654,OECD (other),1.815381395670944,9.036300534420832
POL,10,5023,-3.2242440837705635,0.9664215509763517,-3.3362708856328687,OECD (other),1.815381395670944,9.036300534420832
POL,15,4744,-3.1106848063517227,0.989238904976143,-3.144523320609536,OECD (other),1.815381395670944,9.036300534420832
POL,20,4465,-3.2917455385511887,1.0211847672433574,-3.2234573449789194,OECD (other),1.815381395670944,9.036300534420832
POL,25,4186,-3.836180000471269,1.0668390646176278,-3.5958375801004414,OECD (other),1.815381395670944,9.036300534420832
POL,30,3907,-3.9060545873305847,1.1125323255050192,-3.5109582865895455,OECD (other),1.815381395670944,9.036300534420832
PRT,0,6081,-0.2560791932757106,0.8654497969774148,-0.29589144762650327,OECD (other),1.7754893120686892,10.638600116362454
PRT,5,5777,-0.5255606491429095,0.8821570318170227,-0.5957676810220354,OECD (other),1.7754893120686892,10.638600116362454
PRT,10,5473,-0.7662238710359215,0.9170994677674157,-0.8354861146100266,OECD (other),1.7754893120686892,10.638600116362454
PRT,15,5169,-1.2852649617799665,0.9478314880890983,-1.3560057646651518,OECD (other),1.7754893120686892,10.638600116362454
PRT,20,4866,-1.7544552825564357,0.9811384342363214,-1.788183217918716,OECD (other),1.7754893120686892,10.638600116362454
PRT,25,4561,-1.6148952934825718,1.0113309861203583,-1.5968019527193478,OECD (other),1.7754893120686892,10.638600116362454
PRT,30,4257,-1.9491718965653788,1.0496506115678947,-1.8569720963186427,OECD (other),1.7754893120686892,10.638600116362454
PRY,0,4419,-1.8585361792119115,0.722932348571849,-2.5708300131864967,Non-OECD,2.3684620817440836,9.645513623089414
PRY,5,4199,-1.6374377735537706,0.7548222106583764,-2.169302586003071,Non-OECD,2.3684620817440836,9.645513623089414
PRY,10,3977,-1.6706488917068356,0.7783125254144996,-2.146501356658897,Non-OECD,2.3684620817440836,9.645513623089414
PRY,15,3756,-2.0022372271644135,0.8030639755209226,-2.4932474724266203,Non-OECD,2.3684620817440836,9.645513623089414
PRY,20,3535,-2.057862594777494,0.8338661629765093,-2.467857176782296,Non-OECD,2.3684620817440836,9.645513623089414
PRY,25,3314,-2.32101246813272,0.8639521158563642,-2.6865059133886056,Non-OECD,2.3684620817440836,9.645513623089414
PRY,30,3094,-2.3257430424063243,0.8995069082220685,-2.5855755204852184,Non-OECD,2.3684620817440836,9.645513623089414
PSE,0,6743,-4.844763638013789,0.5309918152810347,-9.12398929435406,Non-OECD,1.8270974280776553,-2.0352596883564047
PSE,5,6405,-5.131090843275244,0.5526701987268416,-9.28418223941779,Non-OECD,1.8270974280776553,-2.0352596883564047
PSE,10,6068,-5.17470976190395,0.5707934619065791,-9.065818211405663,Non-OECD,1.8270974280776553,-2.0352596883564047
PSE,15,5731,-5.142851225391423,0.5954092469029667,-8.637506474986857,Non-OECD,1.8270974280776553,-2.0352596883564047
PSE,20,5394,-5.14748810343961,0.6159979773588049,-8.35633929434368,Non-OECD,1.8270974280776553,-2.0352596883564047
PSE,25,5057,-5.077460186213104,0.641745410228081,-7.9119540323763875,Non-OECD,1.8270974280776553,-2.0352596883564047
PSE,30,4721,-5.055758761181905,0.6801007388438797,-7.433838066072854,Non-OECD,1.8270974280776553,-2.0352596883564047
QAT,0,5903,-2.4366568433132656,0.7806392847908739,-3.121360775439355,Non-OECD,1.977628505881774,11.920802506539983
QAT,5,5607,-2.4774587133763566,0.8152764655509946,-3.0387958171980305,Non-OECD,1.977628505881774,11.920802506539983
QAT,10,5312,-2.3029966337184242,0.8550207089752976,-2.6934980750097366,Non-OECD,1.977628505881774,11.920802506539983
QAT,15,5017,-2.3545567841146515,0.8879581084476657,-2.651653002224287,Non-OECD,1.977628505881774,11.920802506539983
QAT,20,4722,-2.300483038069258,0.9267094500141388,-2.482421041497051,Non-OECD,1.977628505881774,11.920802506539983
QAT,25,4427,-2.2793526270172233,0.9763406891207193,-2.334587355024588,Non-OECD,1.977628505881774,11.920802506539983
QAT,30,4132,-2.0382000460442513,1.0321016319310727,-1.9748055646717253,Non-OECD,1.977628505881774,11.920802506539983
QAZ,0,4228,6.663817392628844,0.7726056606165248,8.625121109404303,Non-OECD,2.7596532139073857,10.6548102455273
QAZ,5,4016,6.894505167956401,0.7992123239189515,8.626625192851225,Non-OECD,2.7596532139073857,10.6548102455273
QAZ,10,3805,7.025455748307552,0.8210332384443877,8.556846933040967,Non-OECD,2.7596532139073857,10.6548102455273
QAZ,15,3593,6.968408910969347,0.846577123840568,8.231274758945265,Non-OECD,2.7596532139073857,10.6548102455273
QAZ,20,3382,6.66882444601063,0.8737140812017705,7.632730877860912,Non-OECD,2.7596532139073857,10.6548102455273
QAZ,25,3171,6.442820700653489,0.9013815776893417,7.147717304329007,Non-OECD,2.7596532139073857,10.6548102455273
QAZ,30,2960,6.27246583857792,0.939339735993885,6.6775263498687485,Non-OECD,2.7596532139073857,10.6548102455273
QUR,0,3320,4.9980186221759295,1.1492824168816989,4.348816747529167,Non-OECD,2.2212522073973653,13.831957370543762
QUR,5,3154,4.779393062636687,1.1776383215662523,4.0584557882594385,Non-OECD,2.2212522073973653,13.831957370543762
QUR,10,2988,4.551442702665044,1.2154163381333254,3.7447601779446975,Non-OECD,2.2212522073973653,13.831957370543762
QUR,15,2822,4.198213082398952,1.2562809326037296,3.3417788756037736,Non-OECD,2.2212522073973653,13.831957370543762
QUR,20,2656,4.211975509389498,1.3003023783072762,3.239227720918742,Non-OECD,2.2212522073973653,13.831957370543762
QUR,25,2490,4.371658331257195,1.3495414444292313,3.239365748494018,Non-OECD,2.2212522073973653,13.831957370543762
QUR,30,2324,5.382709880781083,1.3957138342200843,3.856599933888959,Non-OECD,2.2212522073973653,13.831957370543762
ROU,0,6884,5.365866446316458,0.7423070906305542,7.22863423244201,Non-OECD,2.074458692796566,13.02506092543672
ROU,5,6539,5.438386140434405,0.7668048820835461,7.0922685385848565,Non-OECD,2.074458692796566,13.02506092543672
ROU,10,6195,6.113324445263849,0.7971055361346424,7.6694040727766595,Non-OECD,2.074458692796566,13.02506092543672
ROU,15,5851,6.161355226893406,0.8264020739899114,7.455638630171955,Non-OECD,2.074458692796566,13.02506092543672
ROU,20,5507,6.5459822037066475,0.8536122839014938,7.668566077549616,Non-OECD,2.074458692796566,13.02506092543672
ROU,25,5163,6.499165604613336,0.8818327935989086,7.370065676611031,Non-OECD,2.074458692796566,13.02506092543672
ROU,30,4819,6.408519234238707,0.9068675195853486,7.066654275112758,Non-OECD,2.074458692796566,13.02506092543672
SAU,0,6154,-6.221611254263289,0.6466937935370807,-9.6206447571335,Non-OECD,1.619281628799731,-3.8262874938725417
SAU,5,5846,-5.950261415618643,0.6672239333205165,-8.917937619543236,Non-OECD,1.619281628799731,-3.8262874938725417
SAU,10,5538,-5.855756742971664,0.6963113572916456,-8.409681504762556,Non-OECD,1.619281628799731,-3.8262874938725417
SAU,15,5231,-5.870198094844376,0.7291429553565391,-8.050819186717568,Non-OECD,1.619281628799731,-3.8262874938725417
SAU,20,4923,-5.726494701985527,0.7546335092162759,-7.588444764310525,Non-OECD,1.619281628799731,-3.8262874938725417
SAU,25,4615,-5.368364089113769,0.7912080837989286,-6.785021790143948,Non-OECD,1.619281628799731,-3.8262874938725417
SAU,30,4308,-5.092761205507668,0.8279349515562556,-6.15116102531351,Non-OECD,1.619281628799731,-3.8262874938725417
SGP,0,6524,5.955377674132837,0.9939179420651726,5.991820272163207,East Asia,2.397777620497072,14.009233885191406
SGP,5,6197,5.306087725364466,1.013829485463474,5.233708233430179,East Asia,2.397777620497072,14.009233885191406
SGP,10,5871,4.878259575016079,1.0356120071868469,4.7105088982769345,East Asia,2.397777620497072,14.009233885191406
SGP,15,5545,4.173435914404866,1.0680861502173509,3.9073963402255427,East Asia,2.397777620497072,14.009233885191406
SGP,20,5219,3.6311214621169854,1.0916518869565872,3.3262631664020454,East Asia,2.397777620497072,14.009233885191406
SGP,25,4893,3.35736790491329,1.1199773871540697,2.997710438997849,East Asia,2.397777620497072,14.009233885191406
SGP,30,4567,2.4570620405618837,1.155906644137554,2.1256578574259763,East Asia,2.397777620497072,14.009233885191406
SLV,0,5672,1.4668446647606759,0.4514526615892834,3.2491660578471953,Non-OECD,2.390112409890079,9.5876444699976
SLV,5,5388,1.6396202645235585,0.4685328651914124,3.4994775955657134,Non-OECD,2.390112409890079,9.5876444699976
SLV,10,5104,1.5329439915348617,0.4874217404405231,3.1450053708097103,Non-OECD,2.390112409890079,9.5876444699976
SLV,15,4821,1.6127669813609111,0.5097351085815462,3.1639315287675625,Non-OECD,2.390112409890079,9.5876444699976
SLV,20,4537,1.7257277368311743,0.5300699192666214,3.2556605725124075,Non-OECD,2.390112409890079,9.5876444699976
SLV,25,4254,1.5944749104135845,0.5527205897858307,2.884775671250848,Non-OECD,2.390112409890079,9.5876444699976
SLV,30,3970,1.1860948298182745,0.57828500670034,2.0510558220868655,Non-OECD,2.390112409890079,9.5876444699976
SRB,0,5875,-0.5204148171670987,0.9925481514805896,-0.524321985176027,Non-OECD,1.6670594788675626,6.641317935093923
SRB,5,5581,-0.40313987469933493,1.0200957594251816,-0.3951980693719402,Non-OECD,1.6670594788675626,6.641317935093923
SRB,10,5287,-0.2501636796894293,1.0470813857625285,-0.23891522004972865,Non-OECD,1.6670594788675626,6.641317935093923
SRB,15,4993,-0.42375628487133865,1.073548089520367,-0.3947250141916435,Non-OECD,1.6670594788675626,6.641317935093923
SRB,20,4700,-0.16927496788673232,1.1055330212295253,-0.15311615721660862,Non-OECD,1.6670594788675626,6.641317935093923
SRB,25,4406,-0.244827774243194,1.1417333037623936,-0.21443516926098632,Non-OECD,1.6670594788675626,6.641317935093923
SRB,30,4112,-0.2082145719903416,1.1765729448113122,-0.17696698951694245,Non-OECD,1.6670594788675626,6.641317935093923
SVK,0,5286,-7.9988507614212425,1.0542262749752536,-7.587413585958104,OECD (other),1.5714019999126323,-0.2975719966740371
SVK,5,5021,-8.1099959653852,1.0901579743166336,-7.439285091198785,OECD (other),1.5714019999126323,-0.2975719966740371
SVK,10,4757,-8.188247262333498,1.1099137674161133,-7.377372461462293,OECD (other),1.5714019999126323,-0.2975719966740371
SVK,15,4493,-8.290214414679884,1.145869958843754,-7.234864960632328,OECD (other),1.5714019999126323,-0.2975719966740371
SVK,20,4230,-7.838337704930072,1.1859400239998752,-6.609387950744208,OECD (other),1.5714019999126323,-0.2975719966740371
SVK,25,3964,-8.016410294097195,1.224389374906367,-6.547272018519628,OECD (other),1.5714019999126323,-0.2975719966740371
SVK,30,3700,-8.442015497604276,1.2704482831867978,-6.644910784111801,OECD (other),1.5714019999126323,-0.2975719966740371
SVN,0,6181,-7.022082858765153,0.9212732035017152,-7.622150337244754,OECD (other),1.7566753265793495,7.6920937351811745
SVN,5,5873,-7.168348311555795,0.9579093319657525,-7.483326524072407,OECD (other),1.7566753265793495,7.6920937351811745
SVN,10,5563,-7.236358494406118,0.9918735160731695,-7.295646448001641,OECD (other),1.7566753265793495,7.6920937351811745
SVN,15,5254,-7.2101047931836755,1.021050811506426,-7.061455426048891,OECD (other),1.7566753265793495,7.6920937351811745
SVN,20,4946,-7.426116374121857,1.0601202637171647,-7.004975405415995,OECD (other),1.7566753265793495,7.6920937351811745
SVN,25,4636,-7.965085666539522,1.1031468162997684,-7.220331463455083,OECD (other),1.7566753265793495,7.6920937351811745
SVN,30,4327,-8.300894032244386,1.1486638014379644,-7.2265653552004006,OECD (other),1.7566753265793495,7.6920937351811745
SWE,0,5478,-16.896056305935783,1.3071020796353552,-12.92634796407738,Nordic,1.405039039241786,-30.24761312357458
SWE,5,5204,-17.262399806789766,1.347602946928864,-12.809707671039249,Nordic,1.405039039241786,-30.24761312357458
SWE,10,4930,-17.973191029825465,1.3930679498627638,-12.901876776072601,Nordic,1.405039039241786,-30.24761312357458
SWE,15,4656,-18.158923796736975,1.427451748118924,-12.721217246513973,Nordic,1.405039039241786,-30.24761312357458
SWE,20,4382,-18.419614966921724,1.4721774861789831,-12.511816774708047,Nordic,1.405039039241786,-30.24761312357458
SWE,25,4108,-18.685146984377777,1.549095912106027,-12.061969073932255,Nordic,1.405039039241786,-30.24761312357458
SWE,30,3834,-18.76011979055538,1.6296237787071608,-11.511933021398631,Nordic,1.405039039241786,-30.24761312357458
TAP,0,5742,14.6786144100027,1.3113328538504025,11.19366022661798,East Asia,1.835818432046826,31.487307223619723
TAP,5,5454,14.666793678245648,1.33847239688566,10.957860402928107,East Asia,1.835818432046826,31.487307223619723
TAP,10,5167,14.681442524994615,1.3866061598829826,10.588040749965801,East Asia,1.835818432046826,31.487307223619723
TAP,15,4880,14.563950688803523,1.4337743685849846,10.157770293506449,East Asia,1.835818432046826,31.487307223619723
TAP,20,4593,14.24210611670001,1.4685810905378065,9.697868376804738,East Asia,1.835818432046826,31.487307223619723
TAP,25,4306,13.561706454318921,1.52699935310474,8.881278454208157,East Asia,1.835818432046826,31.487307223619723
TAP,30,4019,13.739904265763306,1.5705671393932576,8.748371159141476,East Asia,1.835818432046826,31.487307223619723
THA,0,8222,2.6307830397944505,0.6051473549037512,4.347342871907417,Non-OECD,2.185574722430571,12.036857160903764
THA,5,7810,2.574167941065618,0.6247749845511593,4.12015206228993,Non-OECD,2.185574722430571,12.036857160903764
THA,10,7399,2.361998041506008,0.6473385145119159,3.6487834240589265,Non-OECD,2.185574722430571,12.036857160903764
THA,15,6988,2.5044125572705784,0.6686282901026509,3.745597657685243,Non-OECD,2.185574722430571,12.036857160903764
THA,20,6577,2.7213097224073235,0.692849487154941,3.927706915944878,Non-OECD,2.185574722430571,12.036857160903764
THA,25,6166,2.9107967414060885,0.7256757088494884,4.011153612983638,Non-OECD,2.185574722430571,12.036857160903764
THA,30,5755,3.074127758488053,0.763981757277649,4.023823513067004,Non-OECD,2.185574722430571,12.036857160903764
TUR,0,7109,6.093667523110329,0.8033606690505346,7.585220135698494,OECD (other),1.985780510800239,17.927651452526334
TUR,5,6753,6.242069092130813,0.833826580586049,7.486051941092619,OECD (other),1.985780510800239,17.927651452526334
TUR,10,6398,6.338870762773053,0.8544200725490115,7.418916018513177,OECD (other),1.985780510800239,17.927651452526334
TUR,15,6042,6.316998105779486,0.8860793546662341,7.129156178296193,OECD (other),1.985780510800239,17.927651452526334
TUR,20,5688,6.62611453792285,0.916215902585281,7.2320448916308715,OECD (other),1.985780510800239,17.927651452526334
TUR,25,5332,6.851253462381214,0.9577193370057416,7.153717375908157,OECD (other),1.985780510800239,17.927651452526334
TUR,30,4976,6.688644738658545,0.9972185026993667,6.707301078502936,OECD (other),1.985780510800239,17.927651452526334
URY,0,5279,-2.6195709039361517,0.7430492809358653,-3.5254336033228113,Non-OECD,1.988215895770956,1.241793394007118
URY,5,5015,-3.0034540050608154,0.7688874384944511,-3.906233675688396,Non-OECD,1.988215895770956,1.241793394007118
URY,10,4751,-3.407699165807573,0.7962746173962425,-4.2795526711004435,Non-OECD,1.988215895770956,1.241793394007118
URY,15,4487,-3.544518076405797,0.8203269045825706,-4.3208604479569654,Non-OECD,1.988215895770956,1.241793394007118
URY,20,4223,-3.802822137217981,0.8478421103849513,-4.485295187203382,Non-OECD,1.988215895770956,1.241793394007118
URY,25,3959,-4.217804810708329,0.8923285246127312,-4.726739865834557,Non-OECD,1.988215895770956,1.241793394007118
URY,30,3695,-4.448794478790837,0.9276297590462117,-4.795872960528007,Non-OECD,1.988215895770956,1.241793394007118
USA,0,3948,-3.177573981609817,1.358893747616424,-2.338353522623428,OECD (other),1.6352099305192875,3.8349719328900846
USA,5,3750,-3.489877178537383,1.3933671546548196,-2.5046357429043415,OECD (other),1.6352099305192875,3.8349719328900846
USA,10,3553,-3.3627665793970296,1.431227499707263,-2.349568171436641,OECD (other),1.6352099305192875,3.8349719328900846
USA,15,3355,-3.3692934376211596,1.4776252864210984,-2.2802082967744823,OECD (other),1.6352099305192875,3.8349719328900846
USA,20,3158,-3.255602111208256,1.5149589822587075,-2.148970466747793,OECD (other),1.6352099305192875,3.8349719328900846
USA,25,2961,-3.53958869416302,1.5745424768847716,-2.2480109276988753,OECD (other),1.6352099305192875,3.8349719328900846
USA,30,2763,-4.038022910753524,1.6381094899741877,-2.4650506791320477,OECD (other),1.6352099305192875,3.8349719328900846
UZB,0,6274,-0.9672252033443086,0.5113936411978534,-1.8913516426968993,Non-OECD,2.2235427649990847,5.32675818860173
UZB,5,5960,-0.8568552013158176,0.5305748419549448,-1.6149563333207946,Non-OECD,2.2235427649990847,5.32675818860173
UZB,10,5646,-0.8221072331018878,0.5482190427889905,-1.4995962725401295,Non-OECD,2.2235427649990847,5.32675818860173
UZB,15,5333,-0.8413058772619115,0.5687841026209457,-1.4791304352305048,Non-OECD,2.2235427649990847,5.32675818860173
UZB,20,5019,-0.7144226886466931,0.5870157389528361,-1.217041795031144,Non-OECD,2.2235427649990847,5.32675818860173
UZB,25,4706,-0.6666290304488417,0.609252518451804,-1.0941752561693787,Non-OECD,2.2235427649990847,5.32675818860173
UZB,30,4393,-0.8378293695344471,0.6330025712116978,-1.3235797256410324,Non-OECD,2.2235427649990847,5.32675818860173
VNM,0,5970,11.832478549035814,0.8577847523551131,13.794228116726075,East Asia,2.221502588308096,23.458920450950018
VNM,5,5671,12.47736209161679,0.8800625694946175,14.177812492107247,East Asia,2.221502588308096,23.458920450950018
VNM,10,5373,12.900651512792699,0.9061474907095398,14.236812047772835,East Asia,2.221502588308096,23.458920450950018
VNM,15,5074,13.276958114722152,0.9275951531141235,14.313311222195084,East Asia,2.221502588308096,23.458920450950018
VNM,20,4776,13.783519111325985,0.9577591418288741,14.3914252648175,East Asia,2.221502588308096,23.458920450950018
VNM,25,4477,14.203643062721033,0.9876035072078344,14.381928536156943,East Asia,2.221502588308096,23.458920450950018
VNM,30,4179,14.16803406146441,1.0156161984568723,13.950185200857693,East Asia,2.221502588308096,23.458920450950018
