country,input,slope,se,n,region
ALB,hwk_h,0.0499189301815797,0.008893671201578579,4222,Non-OECD
ALB,study_h,0.049878744693287215,0.003676319616735086,4637,Non-OECD
ALB,EXERPRAC,-0.013411064623877329,0.0032809183148942126,4636,Non-OECD
ALB,ST297Q01JA,-0.10105729314833219,0.023991364734102915,5203,Non-OECD
ALB,ST297Q03JA,0.04511089656912001,0.024625239772574654,5203,Non-OECD
ALB,ST297Q05JA,0.06782543691654563,0.02519091156685296,5203,Non-OECD
ALB,ST297Q06JA,0.038646555173457435,0.024545675452372417,5203,Non-OECD
ALB,ST297Q07JA,-0.041963180679731794,0.02479103881701216,5203,Non-OECD
ARE,hwk_h,-0.05646649488344479,0.004924512162241494,21254,Non-OECD
ARE,study_h,-0.016881777772699967,0.002144772554372288,22070,Non-OECD
ARE,EXERPRAC,-0.052118809249645515,0.001870608634266929,22047,Non-OECD
ARE,ST297Q01JA,-0.35562246046414,0.012769236988238475,22602,Non-OECD
ARE,ST297Q03JA,-0.2832679030295666,0.012688676256654879,22602,Non-OECD
ARE,ST297Q05JA,-0.18115075073359393,0.012796498542878166,22602,Non-OECD
ARE,ST297Q06JA,-0.2267008489294132,0.012981442236388852,22602,Non-OECD
ARE,ST297Q07JA,-0.5202125374004156,0.01444981812029439,22602,Non-OECD
ARG,hwk_h,-0.02669754631876792,0.005536732849449713,9580,Non-OECD
ARG,study_h,0.0010147518778043595,0.0020741037085091575,10871,Non-OECD
ARG,EXERPRAC,-0.023346044236330896,0.0017459252163956598,10755,Non-OECD
ARG,ST297Q01JA,-0.20342697713792865,0.014844676667404362,11099,Non-OECD
ARG,ST297Q03JA,0.05169683768684552,0.014538993695533488,11099,Non-OECD
ARG,ST297Q05JA,0.018424477358019085,0.015057386072485175,11099,Non-OECD
ARG,ST297Q06JA,-0.16467119919798268,0.018528876950392344,11099,Non-OECD
ARG,ST297Q07JA,-0.3308753347365228,0.023188331058344478,11099,Non-OECD
AUS,hwk_h,0.10762570359717866,0.008351073399642774,12270,OECD (other)
AUS,study_h,0.04685438992406742,0.002984169597159199,12783,OECD (other)
AUS,EXERPRAC,-0.0543104441140916,0.002512553505913933,12789,OECD (other)
AUS,ST297Q01JA,-0.19137749273173843,0.02059995620748253,12700,OECD (other)
AUS,ST297Q03JA,-0.22479452748405782,0.021994577953381993,12700,OECD (other)
AUS,ST297Q05JA,-0.06084895813571895,0.022386095139563716,12700,OECD (other)
AUS,ST297Q06JA,-0.04011314482466984,0.019672989718738442,12700,OECD (other)
AUS,ST297Q07JA,-0.2449843889405893,0.02792966104974222,12700,OECD (other)
AUT,hwk_h,-0.11837595322200473,0.01207754110436599,5181,OECD (other)
AUT,study_h,-0.03432097092534461,0.0037643997619583856,5874,OECD (other)
AUT,EXERPRAC,-0.05827702838596883,0.00331183023785444,5867,OECD (other)
AUT,ST297Q01JA,-0.3604387260688228,0.026855620904259827,5631,OECD (other)
AUT,ST297Q03JA,-0.4766403464175748,0.03417254828226581,5631,OECD (other)
AUT,ST297Q05JA,-0.16886725711573017,0.028512342581473546,5631,OECD (other)
AUT,ST297Q06JA,-0.17881316090118068,0.02815689128375664,5631,OECD (other)
AUT,ST297Q07JA,-0.4721407703191989,0.040381706514067,5631,OECD (other)
BEL,hwk_h,-0.011649071695696981,0.00915867291286414,7007,OECD (other)
BEL,study_h,-1.241303963533665e-4,0.0031557542368944504,7612,OECD (other)
BEL,EXERPRAC,-0.028840790776298572,0.002725165470112874,7606,OECD (other)
BEL,ST297Q01JA,-0.28614707728159694,0.02529498687808382,7051,OECD (other)
BEL,ST297Q03JA,-0.27358776349870767,0.03525773071791815,7051,OECD (other)
BEL,ST297Q05JA,-0.13021006400571505,0.029937290540930372,7051,OECD (other)
BEL,ST297Q06JA,-0.22565964552290427,0.03170557263192601,7051,OECD (other)
BEL,ST297Q07JA,-0.34788265522720324,0.04262005429497272,7051,OECD (other)
BGR,hwk_h,0.01814794220761191,0.010225192308220481,4978,Non-OECD
BGR,study_h,0.02335828079280199,0.0034745691525919498,5372,Non-OECD
BGR,EXERPRAC,-0.02316147173213147,0.0032233262201042307,5330,Non-OECD
BGR,ST297Q01JA,-0.2549219001333803,0.024951207794689914,5650,Non-OECD
BGR,ST297Q03JA,-0.13549470907409175,0.026057722778432282,5650,Non-OECD
BGR,ST297Q05JA,-0.23017386781421476,0.0272728250454702,5650,Non-OECD
BGR,ST297Q06JA,-0.2988127607372757,0.02826548808855216,5650,Non-OECD
BGR,ST297Q07JA,-0.2909124413229291,0.028747208783984898,5650,Non-OECD
BRA,hwk_h,0.004785344939832228,0.006207528489546689,8433,Non-OECD
BRA,study_h,-0.006459292046030148,0.0020198322953154874,9480,Non-OECD
BRA,EXERPRAC,-0.023136491042649362,0.001821980861518274,9445,Non-OECD
BRA,ST297Q01JA,-0.19217246898007231,0.01447435923362099,9421,Non-OECD
BRA,ST297Q03JA,-0.16868625765463224,0.018132786181050888,9421,Non-OECD
BRA,ST297Q05JA,0.12802013520361005,0.01591837887470049,9421,Non-OECD
BRA,ST297Q06JA,-0.015652855908526477,0.016695198580933795,9421,Non-OECD
BRA,ST297Q07JA,-0.21620214397449278,0.01972970478027603,9421,Non-OECD
BRN,hwk_h,0.05994941882868409,0.00834918147895223,5209,Non-OECD
BRN,study_h,0.004485477616018623,0.003426937135996573,5473,Non-OECD
BRN,EXERPRAC,-0.05327229936611231,0.0029970018496244142,5464,Non-OECD
BRN,ST297Q01JA,-0.35216063680327514,0.023370398205673427,5043,Non-OECD
BRN,ST297Q03JA,-0.12155414555380996,0.024118714755989236,5043,Non-OECD
BRN,ST297Q05JA,0.039548606563969566,0.02521177916864001,5043,Non-OECD
BRN,ST297Q06JA,-0.1897325932899381,0.02149967903886601,5043,Non-OECD
BRN,ST297Q07JA,-0.19486814624045837,0.026192544099931738,5043,Non-OECD
CAN,hwk_h,-0.02884057001910835,0.005644951122388232,18395,OECD (other)
CAN,study_h,-0.009096746433750373,0.002100582651388771,19866,OECD (other)
CAN,EXERPRAC,-0.058096430438707096,0.00185416788730561,19849,OECD (other)
CAN,ST297Q01JA,-0.42117162791905927,0.016207926369240205,19961,OECD (other)
CAN,ST297Q03JA,-0.1950824570527983,0.01667287826436164,19961,OECD (other)
CAN,ST297Q05JA,-0.1271501590064635,0.015719363644797587,19961,OECD (other)
CAN,ST297Q06JA,-0.142748004678685,0.015125187992888067,19961,OECD (other)
CAN,ST297Q07JA,-0.4058119402951904,0.023058257936174956,19961,OECD (other)
CHE,hwk_h,-0.17104165652694336,0.014962304937179479,5652,OECD (other)
CHE,study_h,-0.008901594622146791,0.003854489169179718,6439,OECD (other)
CHE,EXERPRAC,-0.045212115705164216,0.0033867034343108213,6442,OECD (other)
CHE,ST297Q01JA,-0.39020234764256745,0.030854591069611404,5984,OECD (other)
CHE,ST297Q03JA,-0.38909541106684914,0.039064037568428266,5984,OECD (other)
CHE,ST297Q05JA,-0.1237898166815068,0.03249232104500139,5984,OECD (other)
CHE,ST297Q06JA,-0.19989079396992454,0.03154031850644686,5984,OECD (other)
CHE,ST297Q07JA,-0.5405204912194849,0.05197555610822109,5984,OECD (other)
CHL,hwk_h,-0.0274300702709424,0.007486079434321722,5246,OECD (other)
CHL,study_h,-0.024011076782433163,0.002946790796426205,5622,OECD (other)
CHL,EXERPRAC,-0.03916510400854783,0.002642371874827826,5619,OECD (other)
CHL,ST297Q01JA,-0.33650960014835346,0.0226279381661678,5356,OECD (other)
CHL,ST297Q03JA,-0.2979298860392515,0.02434380854142729,5356,OECD (other)
CHL,ST297Q05JA,-0.23141695186007213,0.025568561295806154,5356,OECD (other)
CHL,ST297Q06JA,-0.19336231346294966,0.02220079862734439,5356,OECD (other)
CHL,ST297Q07JA,-0.3352027551440013,0.02933175860160096,5356,OECD (other)
COL,hwk_h,0.017716069342282665,0.005577877548831366,6890,OECD (other)
COL,study_h,-0.014030342991559322,0.0025675985656399133,7222,OECD (other)
COL,EXERPRAC,-0.027373766920089904,0.0020155969273836826,7197,OECD (other)
COL,ST297Q01JA,-0.26725818527385753,0.016139562958935517,7283,OECD (other)
COL,ST297Q03JA,-0.14619153654952208,0.017623664105617668,7283,OECD (other)
COL,ST297Q05JA,-0.11993633199269978,0.017336256629880465,7283,OECD (other)
COL,ST297Q06JA,-0.14569025057223975,0.016528443120414647,7283,OECD (other)
COL,ST297Q07JA,-0.32021256098985323,0.019732480785331945,7283,OECD (other)
CZE,hwk_h,-0.15090975271124732,0.009672566284275822,7785,OECD (other)
CZE,study_h,-0.01326615310137483,0.0032413129773776403,8135,OECD (other)
CZE,EXERPRAC,-0.0462275969174772,0.002780772005569852,8131,OECD (other)
CZE,ST297Q01JA,-0.478034294042566,0.024222897103948073,7852,OECD (other)
CZE,ST297Q03JA,-0.3426451838622792,0.0226910664905052,7852,OECD (other)
CZE,ST297Q05JA,-0.2838963547713256,0.025032639764452195,7852,OECD (other)
CZE,ST297Q06JA,-0.37386631052478053,0.02724234265197699,7852,OECD (other)
CZE,ST297Q07JA,-0.3206515792516789,0.027453019199728056,7852,OECD (other)
DEU,hwk_h,-0.14502592594145816,0.013077952601196567,4921,OECD (other)
DEU,study_h,-0.018687559082589157,0.0041438388385427365,5179,OECD (other)
DEU,EXERPRAC,-0.045486144023173476,0.003607477990574854,5172,OECD (other)
DEU,ST297Q01JA,-0.4350973947928929,0.029933813411907883,4966,OECD (other)
DEU,ST297Q03JA,-0.33134012714625993,0.03630055514412701,4966,OECD (other)
DEU,ST297Q05JA,-0.10220795654902061,0.028465227979542092,4966,OECD (other)
DEU,ST297Q06JA,-0.22886085522613436,0.03273976721764064,4966,OECD (other)
DEU,ST297Q07JA,-0.5823311610957219,0.05634341158495387,4966,OECD (other)
DNK,hwk_h,-0.13858861419858667,0.013504141162991248,5333,Nordic
DNK,study_h,-0.039961733578359214,0.003950185660446179,5647,Nordic
DNK,EXERPRAC,-0.04380183978293164,0.003409702144361467,5645,Nordic
DNK,ST297Q01JA,-0.6855836339537156,0.039252101805776686,5093,Nordic
DNK,ST297Q03JA,-0.4662744397059162,0.036964546242019905,5093,Nordic
DNK,ST297Q05JA,-0.49224476893593966,0.05217373669376565,5093,Nordic
DNK,ST297Q06JA,-0.5587990629278942,0.038981243793582906,5093,Nordic
DNK,ST297Q07JA,-0.5676246951770109,0.050982796525092224,5093,Nordic
DOM,hwk_h,0.020391690559419053,0.00494275536908309,4774,Non-OECD
DOM,study_h,0.017665814438230763,0.0019841911743550176,6045,Non-OECD
DOM,EXERPRAC,-0.013477205973635845,0.0015696958574711486,5931,Non-OECD
DOM,ST297Q01JA,-0.16998474243437434,0.013100181972426225,6406,Non-OECD
DOM,ST297Q03JA,-0.14416618695110642,0.014452409475091469,6406,Non-OECD
DOM,ST297Q05JA,-0.10858590656799744,0.014253825928935412,6406,Non-OECD
DOM,ST297Q06JA,-0.09695728920960797,0.013861719013165718,6406,Non-OECD
DOM,ST297Q07JA,-0.1620488114045906,0.014874455469307771,6406,Non-OECD
ESP,hwk_h,-0.0865754274180835,0.004294238590445399,28586,OECD (other)
ESP,study_h,-0.027239038784451736,0.0014835478516498782,29464,OECD (other)
ESP,EXERPRAC,-0.035941356519992404,0.0013481804185543577,29469,OECD (other)
ESP,ST297Q01JA,-0.3637741839959747,0.010966902307150255,29117,OECD (other)
ESP,ST297Q03JA,-0.36546055339618155,0.015448345367115136,29117,OECD (other)
ESP,ST297Q05JA,-0.12307306104425256,0.01292681309570496,29117,OECD (other)
ESP,ST297Q06JA,-0.27732233301288206,0.011378053753820378,29117,OECD (other)
ESP,ST297Q07JA,-0.3136578784953224,0.016231634046213875,29117,OECD (other)
EST,hwk_h,-0.13464070193829772,0.00982407630614189,6172,OECD (other)
EST,study_h,-0.043694091374291796,0.0034988630204841244,6250,OECD (other)
EST,EXERPRAC,-0.04695182232290819,0.003150567591361501,6253,OECD (other)
EST,ST297Q01JA,-0.39542348771759006,0.020972364332719793,6189,OECD (other)
EST,ST297Q03JA,-0.05831148235687844,0.020232686201560823,6189,OECD (other)
EST,ST297Q05JA,-0.09390981083611447,0.021114664522084034,6189,OECD (other)
EST,ST297Q06JA,-0.232299003594706,0.02507369114522572,6189,OECD (other)
EST,ST297Q07JA,-0.18698279024280523,0.030301324854584238,6189,OECD (other)
FIN,hwk_h,-0.15125660709848557,0.012009556828995408,9142,Nordic
FIN,study_h,-0.025795683076964504,0.0026675475591075868,9641,Nordic
FIN,EXERPRAC,-0.04680238638166463,0.0026358872382662296,9633,Nordic
FIN,ST297Q01JA,-0.5165625219640392,0.025502783835631506,9454,Nordic
FIN,ST297Q03JA,-0.39748960021871693,0.0307847582077655,9454,Nordic
FIN,ST297Q05JA,-0.29454301373402464,0.0315338845613806,9454,Nordic
FIN,ST297Q06JA,-0.40303272118586836,0.021466282275072298,9454,Nordic
FIN,ST297Q07JA,-0.19415233682788843,0.022944810646722758,9454,Nordic
FRA,hwk_h,-0.06879429880277191,0.010314741075967606,5926,OECD (other)
FRA,study_h,0.020012279389162727,0.0030551023680540183,6373,OECD (other)
FRA,EXERPRAC,-0.03552872637467977,0.0030177293753270184,6356,OECD (other)
FRA,ST297Q01JA,-0.30182972303826666,0.02867218945626384,6416,OECD (other)
FRA,ST297Q03JA,-0.29510968236484897,0.029864346959903906,6416,OECD (other)
FRA,ST297Q05JA,-0.08086510457940273,0.025480001186668544,6416,OECD (other)
FRA,ST297Q06JA,-0.1256943574796482,0.028618050067206115,6416,OECD (other)
FRA,ST297Q07JA,-0.2734601158305318,0.03739762645843759,6416,OECD (other)
GBR,hwk_h,0.0054146938546361404,0.010352990099567416,10183,OECD (other)
GBR,study_h,0.00783098175090288,0.003223932094169131,10832,OECD (other)
GBR,EXERPRAC,-0.047984635674963465,0.0028426584961499675,10831,OECD (other)
GBR,ST297Q01JA,-0.3978367181203461,0.023440172487487494,10807,OECD (other)
GBR,ST297Q03JA,-0.08635652687970932,0.02162408654451385,10807,OECD (other)
GBR,ST297Q05JA,-0.08260375288626799,0.026221015564728382,10807,OECD (other)
GBR,ST297Q06JA,-0.21797575249245657,0.02256270518099478,10807,OECD (other)
GBR,ST297Q07JA,-0.07915323986312199,0.023491698216469476,10807,OECD (other)
GEO,hwk_h,0.0552615207548262,0.00891302552599056,5150,Non-OECD
GEO,study_h,0.03965885369852476,0.003389498533722168,5492,Non-OECD
GEO,EXERPRAC,-0.01633053868695657,0.002964678654376894,5471,Non-OECD
GEO,ST297Q01JA,-0.004725993975419969,0.02189402350923884,5930,Non-OECD
GEO,ST297Q03JA,0.12214978926141631,0.022547969152099806,5930,Non-OECD
GEO,ST297Q05JA,0.004172275410292303,0.02487156810269899,5930,Non-OECD
GEO,ST297Q06JA,0.042865323654760555,0.02559423131903479,5930,Non-OECD
GEO,ST297Q07JA,-0.18889578527897974,0.028260017989433374,5930,Non-OECD
GRC,hwk_h,0.04600723832840142,0.00871870699965336,6015,OECD (other)
GRC,study_h,0.018767345876649685,0.0029772615701255203,6200,OECD (other)
GRC,EXERPRAC,-0.032361584905098155,0.0027881632332761573,6200,OECD (other)
GRC,ST297Q01JA,-0.07027873358116721,0.02012271419689299,6175,OECD (other)
GRC,ST297Q03JA,-0.2913733678625163,0.029008855628897184,6175,OECD (other)
GRC,ST297Q05JA,-0.36132534381732717,0.033900373613153095,6175,OECD (other)
GRC,ST297Q06JA,0.0709757086975661,0.023227958324170017,6175,OECD (other)
GRC,ST297Q07JA,-0.3353671180199533,0.0343506748560484,6175,OECD (other)
GTM,hwk_h,0.017624553687717176,0.006053790973944857,4598,Non-OECD
GTM,study_h,0.037663329797512336,0.002858856126922113,4926,Non-OECD
GTM,EXERPRAC,-0.01298449875972924,0.0022159917115711896,4824,Non-OECD
GTM,ST297Q01JA,-0.2691976997944372,0.01908710887466216,5103,Non-OECD
GTM,ST297Q03JA,-0.15967913735149072,0.02109761449886348,5103,Non-OECD
GTM,ST297Q05JA,-0.06021210541380345,0.020634479791129083,5103,Non-OECD
GTM,ST297Q06JA,-0.1827829902235072,0.01987916098902505,5103,Non-OECD
GTM,ST297Q07JA,-0.29188479529504274,0.022663187644118718,5103,Non-OECD
HKG,hwk_h,-0.01070906186796548,0.012474352565508643,5480,East Asia
HKG,study_h,0.0080995526289427,0.0045176038930717765,5540,East Asia
HKG,EXERPRAC,-0.0873554866626778,0.004498431827229773,5542,East Asia
HKG,ST297Q01JA,-0.34554169894930575,0.03204840987926508,5547,East Asia
HKG,ST297Q03JA,-0.2728864466621068,0.0394594863567236,5547,East Asia
HKG,ST297Q05JA,-0.2716020128674537,0.0438834670787988,5547,East Asia
HKG,ST297Q06JA,-0.06174594830391359,0.03239087193381613,5547,East Asia
HKG,ST297Q07JA,-0.08104424874669232,0.04394196443351079,5547,East Asia
HRV,hwk_h,0.03607864392815796,0.010161390933536218,5816,Non-OECD
HRV,study_h,0.024211675125514334,0.0035732079276483268,5981,Non-OECD
HRV,EXERPRAC,-0.030997011000678695,0.0030054088933562503,5983,Non-OECD
HRV,ST297Q01JA,-0.12481342109575465,0.022230045888223773,5959,Non-OECD
HRV,ST297Q03JA,-0.1929556821628096,0.025431265277064782,5959,Non-OECD
HRV,ST297Q05JA,0.051925672323213067,0.02380544164841707,5959,Non-OECD
HRV,ST297Q06JA,-0.12517876151051455,0.02619775294515513,5959,Non-OECD
HRV,ST297Q07JA,-0.4645750176283811,0.03895744489645175,5959,Non-OECD
HUN,hwk_h,-0.11226626448878062,0.011831055873234428,5796,OECD (other)
HUN,study_h,-0.012063827897818288,0.0034824370203674513,5947,OECD (other)
HUN,EXERPRAC,-0.04068164385809213,0.0030517256359454173,5946,OECD (other)
HUN,ST297Q01JA,-0.3911479190195452,0.02560131768525618,5696,OECD (other)
HUN,ST297Q03JA,-0.5035503856834078,0.03505971527911591,5696,OECD (other)
HUN,ST297Q05JA,-0.4895085360585238,0.03862043271693423,5696,OECD (other)
HUN,ST297Q06JA,-0.5275790695757445,0.040718689140135766,5696,OECD (other)
HUN,ST297Q07JA,-0.5750550995750361,0.040892835491431925,5696,OECD (other)
IDN,hwk_h,0.03338886479969905,0.003773755942364802,12785,Non-OECD
IDN,study_h,0.027895511755942272,0.001452697949518454,13100,Non-OECD
IDN,EXERPRAC,-0.010121296632623678,0.001404299648238883,13090,Non-OECD
IDN,ST297Q01JA,-0.3863597450456788,0.01153837444238577,13116,Non-OECD
IDN,ST297Q03JA,-0.24246271583620138,0.010933185729007477,13116,Non-OECD
IDN,ST297Q05JA,-0.14769458831669782,0.010709485103711794,13116,Non-OECD
IDN,ST297Q06JA,-0.25247807474108525,0.010604922898201878,13116,Non-OECD
IDN,ST297Q07JA,-0.40818484440097125,0.011594529948434388,13116,Non-OECD
IRL,hwk_h,-0.014354861009458379,0.013097703923768895,5376,OECD (other)
IRL,study_h,-0.0051453280519998005,0.0032274862160797655,5488,OECD (other)
IRL,EXERPRAC,-0.04316771084747502,0.0031996643274833252,5488,OECD (other)
IRL,ST297Q01JA,-0.3718196948020869,0.028402604499521446,5424,OECD (other)
IRL,ST297Q03JA,-0.25769495884810817,0.03468421788803133,5424,OECD (other)
IRL,ST297Q05JA,-0.16344113505618468,0.03671903331995872,5424,OECD (other)
IRL,ST297Q06JA,-0.4254432528460159,0.0363161840077713,5424,OECD (other)
IRL,ST297Q07JA,-0.36083815578376255,0.043317882303823,5424,OECD (other)
ISL,hwk_h,-0.05882872660824336,0.016671378532793456,2911,Nordic
ISL,study_h,-0.024243969744353885,0.005525009821679051,3097,Nordic
ISL,EXERPRAC,-0.027248591405093565,0.0044694413510587595,3096,Nordic
ISL,ST297Q01JA,-0.40990139506800666,0.045795923977613284,2982,Nordic
ISL,ST297Q03JA,-0.17853036434289393,0.04742165061846197,2982,Nordic
ISL,ST297Q05JA,-0.049518414843582624,0.04523844953846989,2982,Nordic
ISL,ST297Q06JA,-0.26643527884769413,0.049132992993613796,2982,Nordic
ISL,ST297Q07JA,-0.14068809104371152,0.05189828616175914,2982,Nordic
ISR,hwk_h,0.027246733998021005,0.00991872403658411,5601,OECD (other)
ISR,study_h,-0.01127972227775184,0.003788998282196429,5811,OECD (other)
ISR,EXERPRAC,-0.05379922893972713,0.0035602060720744586,5800,OECD (other)
ISR,ST297Q01JA,-0.3210378508176164,0.02532600705197742,5907,OECD (other)
ISR,ST297Q03JA,-0.16854981538999295,0.029764081842774775,5105,OECD (other)
ISR,ST297Q05JA,-0.35221594673537376,0.033938437964048954,5907,OECD (other)
ISR,ST297Q06JA,-0.21088135949614537,0.02670342255225988,5907,OECD (other)
ISR,ST297Q07JA,-0.45526304453461386,0.03233113398280799,5907,OECD (other)
ITA,hwk_h,-0.008650985722007313,0.007263249136688538,10080,OECD (other)
ITA,study_h,-0.0075757136071310655,0.0028496045991209373,10367,OECD (other)
ITA,EXERPRAC,-0.04121758794100872,0.002535192353704843,10366,OECD (other)
ITA,ST297Q01JA,-0.29741564830602074,0.01808736546218734,10287,OECD (other)
ITA,ST297Q03JA,-0.30210089515674776,0.022914204180504667,10287,OECD (other)
ITA,ST297Q05JA,-0.1975978102533113,0.025095840335116956,10287,OECD (other)
ITA,ST297Q06JA,-0.20989858398505987,0.022746299725600373,10287,OECD (other)
ITA,ST297Q07JA,-0.576955207471569,0.03302704632986286,10287,OECD (other)
JAM,hwk_h,-0.030546865757236558,0.008947755124821412,2784,Non-OECD
JAM,study_h,-0.017050196015395692,0.0037204860489029974,3260,Non-OECD
JAM,EXERPRAC,-0.03465499348444807,0.0031423511584873966,3229,Non-OECD
JAM,ST297Q01JA,-0.17648515180411473,0.028357182145524688,3451,Non-OECD
JAM,ST297Q03JA,0.0706854002927065,0.02754923630115289,3451,Non-OECD
JAM,ST297Q05JA,0.061145370480915034,0.02778986428556474,3451,Non-OECD
JAM,ST297Q06JA,-0.0044210281596596636,0.027450249666007554,3451,Non-OECD
JAM,ST297Q07JA,-0.10672066960018523,0.03361642208336221,3451,Non-OECD
JOR,hwk_h,-0.028371818670754972,0.005266718843942931,6372,Non-OECD
JOR,study_h,0.020170411640450345,0.002186207536514112,6879,Non-OECD
JOR,EXERPRAC,-0.008861617207986863,0.0019099807125142656,6886,Non-OECD
JOR,ST297Q01JA,-0.18327456740920742,0.013856030245670095,7284,Non-OECD
JOR,ST297Q03JA,-0.0572316858501414,0.013210544682908132,7284,Non-OECD
JOR,ST297Q05JA,-0.002861086292560525,0.013228841230877286,7284,Non-OECD
JOR,ST297Q06JA,-0.17372503164227202,0.014996096628483255,7284,Non-OECD
JOR,ST297Q07JA,-0.2164013988541774,0.015390202856406516,7284,Non-OECD
KAZ,hwk_h,0.012175952082918471,0.005313445665886786,19242,Non-OECD
KAZ,study_h,0.018192759596355787,0.0016900954325658904,19505,Non-OECD
KAZ,EXERPRAC,-0.026497699207119314,0.0014631970404043084,19508,Non-OECD
KAZ,ST297Q01JA,-0.2959806385000072,0.01115874786775209,19521,Non-OECD
KAZ,ST297Q03JA,-0.12206992213196839,0.010911183857006925,19521,Non-OECD
KAZ,ST297Q05JA,-0.06737581298996613,0.010831252729386998,19521,Non-OECD
KAZ,ST297Q06JA,-0.22420631296363006,0.012067530928491048,19521,Non-OECD
KAZ,ST297Q07JA,-0.23710731309377256,0.012557538081872106,19521,Non-OECD
KHM,hwk_h,-0.007049233882677494,0.008343314578892761,4777,Non-OECD
KHM,study_h,0.05451740685544676,0.003170306976065259,4895,Non-OECD
KHM,EXERPRAC,-0.0029615952002993266,0.0026892235289772324,4830,Non-OECD
KHM,ST297Q01JA,-0.24846982933281442,0.021425232965732132,5153,Non-OECD
KHM,ST297Q03JA,0.057133918526193525,0.025204269246841184,5153,Non-OECD
KHM,ST297Q05JA,0.11087553722476781,0.024350034034092756,5153,Non-OECD
KHM,ST297Q06JA,0.1092076665442143,0.02153794200577673,5153,Non-OECD
KHM,ST297Q07JA,0.08867952013823133,0.0217468339886472,5153,Non-OECD
KOR,hwk_h,0.18521545281590998,0.009383705752840057,6308,East Asia
KOR,study_h,0.0605893291998984,0.004266356428872338,6365,East Asia
KOR,EXERPRAC,-0.08007053370262267,0.003898708444621085,6364,East Asia
KOR,ST297Q01JA,-0.15232586095095046,0.03251514895311427,6358,East Asia
KOR,ST297Q03JA,-0.08646418702404716,0.03958020546041635,6358,East Asia
KOR,ST297Q05JA,0.06898227111168057,0.0433091821285845,6358,East Asia
KOR,ST297Q06JA,0.2855451065984236,0.026413446098997952,6358,East Asia
KOR,ST297Q07JA,0.3113950174993203,0.03217331150268124,6358,East Asia
KSV,hwk_h,0.015512159840844182,0.0067223789784526195,5005,Non-OECD
KSV,study_h,0.026938955818110566,0.0025093233716088383,5297,Non-OECD
KSV,EXERPRAC,-0.017779944048054636,0.0021991801022470045,5269,Non-OECD
KSV,ST297Q01JA,-0.20909610326822073,0.016308901719783653,5711,Non-OECD
KSV,ST297Q03JA,-0.03095603061521321,0.016787532136648495,5711,Non-OECD
KSV,ST297Q05JA,-0.05411501712334738,0.01769479835007585,5711,Non-OECD
KSV,ST297Q06JA,-0.07085949285619622,0.016905900430313682,5711,Non-OECD
KSV,ST297Q07JA,-0.13904352371574658,0.01764260789546056,5711,Non-OECD
LTU,hwk_h,-0.05358010564298636,0.009545175641778123,6746,OECD (other)
LTU,study_h,-0.021698010255999035,0.003203714220670135,6910,OECD (other)
LTU,EXERPRAC,-0.05824195808165071,0.0028288394297199264,6902,OECD (other)
LTU,ST297Q01JA,-0.3078069580198207,0.021881749914195104,6764,OECD (other)
LTU,ST297Q03JA,-0.1064419014501393,0.020745545795557173,6764,OECD (other)
LTU,ST297Q05JA,-0.23628042341666491,0.022887663743344926,6764,OECD (other)
LTU,ST297Q06JA,-0.17176800325994698,0.02660015442523589,6764,OECD (other)
LTU,ST297Q07JA,-0.2657336973475574,0.03274400522182961,6764,OECD (other)
LVA,hwk_h,-0.08106187078937285,0.01067046595161706,4909,OECD (other)
LVA,study_h,-0.021038331682868932,0.003269200928188185,5137,OECD (other)
LVA,EXERPRAC,-0.04569095085292099,0.0030425279418407262,5136,OECD (other)
LVA,ST297Q01JA,-0.2677005743064917,0.021395931623137,4862,OECD (other)
LVA,ST297Q03JA,-0.11367897965753358,0.02156329789396511,4862,OECD (other)
LVA,ST297Q05JA,-0.1300592943300659,0.025097305729115036,4862,OECD (other)
LVA,ST297Q06JA,-0.1730797657132799,0.02658104905427021,4862,OECD (other)
LVA,ST297Q07JA,-0.14558066273597423,0.030286671158631387,4862,OECD (other)
MAC,hwk_h,-0.035899550958521806,0.011936255719023965,4348,East Asia
MAC,study_h,-0.002111709802018451,0.004480098968979119,4373,East Asia
MAC,EXERPRAC,-0.05520434064439307,0.0040545296725721155,4373,East Asia
MAC,ST297Q01JA,-0.38708069983683024,0.03351012387064227,4308,East Asia
MAC,ST297Q03JA,-0.030222907419603023,0.03663520273706311,4308,East Asia
MAC,ST297Q05JA,-0.059227020089535974,0.04199363680657334,4308,East Asia
MAC,ST297Q06JA,-0.18045262871270926,0.03023274610365372,4308,East Asia
MAC,ST297Q07JA,-0.009058599629887372,0.034669179060362224,4308,East Asia
MAR,hwk_h,0.013947233208102679,0.004708441194079297,5414,Non-OECD
MAR,study_h,0.011654742383285685,0.0019262369760728645,6436,Non-OECD
MAR,EXERPRAC,-0.014658824712721634,0.00182960309477139,6424,Non-OECD
MAR,ST297Q01JA,-0.18178269746577816,0.014161102618331272,5688,Non-OECD
MAR,ST297Q03JA,-0.0896743450946511,0.014703911196908026,5688,Non-OECD
MAR,ST297Q05JA,-0.012056431891545306,0.014287038479329833,5688,Non-OECD
MAR,ST297Q06JA,-0.07957593030191873,0.01592863859482999,5688,Non-OECD
MAR,ST297Q07JA,-0.04899858053800433,0.01589607041232916,5688,Non-OECD
MDA,hwk_h,-0.012223972097972715,0.008182056126656788,5853,Non-OECD
MDA,study_h,7.811730202766594e-4,0.003060453564997625,5980,Non-OECD
MDA,EXERPRAC,-0.033119501189215826,0.0026463629281025095,5972,Non-OECD
MDA,ST297Q01JA,-0.2140558622568617,0.019315464141802588,6098,Non-OECD
MDA,ST297Q03JA,-0.14143521714491594,0.019807321355198262,6098,Non-OECD
MDA,ST297Q05JA,-0.10592204608529204,0.02141122927815893,6098,Non-OECD
MDA,ST297Q06JA,-0.13940894085722158,0.020896025584227467,6098,Non-OECD
MDA,ST297Q07JA,-0.2517472539719355,0.024087739890130407,6098,Non-OECD
MEX,hwk_h,0.030722776224627563,0.006406035097614632,5939,OECD (other)
MEX,study_h,-0.00245854601860921,0.002766081446373784,6195,OECD (other)
MEX,EXERPRAC,-0.031514550090536206,0.0022378907657603308,6178,OECD (other)
MEX,ST297Q01JA,-0.3745966899408888,0.020927621413921814,6072,OECD (other)
MEX,ST297Q03JA,-0.16751680051110251,0.02199166184346565,6072,OECD (other)
MEX,ST297Q05JA,-0.1331671322066614,0.021596589951128977,6072,OECD (other)
MEX,ST297Q06JA,-0.2669750551875635,0.022623992881435462,6072,OECD (other)
MEX,ST297Q07JA,-0.365469675597491,0.024585543733981984,6072,OECD (other)
MKD,hwk_h,-0.012610654268604223,0.008734872804529586,5454,Non-OECD
MKD,study_h,0.022929632549877624,0.003134081291920897,5877,Non-OECD
MKD,EXERPRAC,-0.005073168900293934,0.0027343030118717896,5853,Non-OECD
MKD,ST297Q01JA,-0.2533270414056577,0.021023564267443486,6283,Non-OECD
MKD,ST297Q03JA,-0.1582554097125692,0.02199685543267333,6283,Non-OECD
MKD,ST297Q05JA,-0.17508116863856416,0.02262480012375169,6283,Non-OECD
MKD,ST297Q06JA,-0.14575333901647486,0.02145188584229479,6283,Non-OECD
MKD,ST297Q07JA,-0.2760007429426597,0.023251835486602382,6283,Non-OECD
MLT,hwk_h,0.00970179990157259,0.015458508793483533,2800,Non-OECD
MLT,study_h,0.01117749409785287,0.005744246081197902,2876,Non-OECD
MLT,EXERPRAC,-0.06221500617643572,0.005096104910132003,2871,Non-OECD
MLT,ST297Q01JA,-0.3837477618420428,0.04004936695534229,2912,Non-OECD
MLT,ST297Q03JA,-0.24120892748817882,0.04025319217338537,2912,Non-OECD
MLT,ST297Q05JA,-0.16955024199849938,0.04263418905946053,2912,Non-OECD
MLT,ST297Q06JA,-0.2216201673977572,0.03822656667276194,2912,Non-OECD
MLT,ST297Q07JA,-0.1456513708572017,0.03958578109761065,2912,Non-OECD
MNE,hwk_h,0.026176864234477515,0.009348129647397143,5102,Non-OECD
MNE,study_h,0.02702876856499908,0.0032382400981747685,5365,Non-OECD
MNE,EXERPRAC,-0.018406727139045256,0.0029783831777944964,5365,Non-OECD
MNE,ST297Q01JA,-0.04292669320557398,0.022061826593899523,5534,Non-OECD
MNE,ST297Q03JA,-0.19475666892989843,0.024999241797601504,5534,Non-OECD
MNE,ST297Q05JA,0.03108899819761358,0.023701463692315454,5534,Non-OECD
MNE,ST297Q06JA,-0.08057109506539714,0.023627505610998734,5534,Non-OECD
MNE,ST297Q07JA,-0.27581959188903965,0.028081152717501376,5534,Non-OECD
MNG,hwk_h,0.028913091976518708,0.007082171485829588,6596,Non-OECD
MNG,study_h,0.012539576372743423,0.0030637170591721794,6837,Non-OECD
MNG,EXERPRAC,-0.03555893450709475,0.002537059262139871,6825,Non-OECD
MNG,ST297Q01JA,-0.3739576529469188,0.022437105944439855,6913,Non-OECD
MNG,ST297Q03JA,-0.1552831253070465,0.02267981416708776,6913,Non-OECD
MNG,ST297Q05JA,-0.15423406627445663,0.02205869119308973,6913,Non-OECD
MNG,ST297Q06JA,-0.17659517695362834,0.022475031721534085,6913,Non-OECD
MNG,ST297Q07JA,-0.046092303682125677,0.021203520468989035,6913,Non-OECD
MYS,hwk_h,0.05631447142905027,0.006496034725900499,6608,Non-OECD
MYS,study_h,0.030100999965276442,0.00266126971990502,6879,Non-OECD
MYS,EXERPRAC,-0.022000212817111293,0.00235123341085682,6870,Non-OECD
MYS,ST297Q01JA,-0.20958974473213782,0.016177946267373455,6691,Non-OECD
MYS,ST297Q03JA,-0.027125821267366002,0.01665536440427089,6691,Non-OECD
MYS,ST297Q05JA,0.02199221097475937,0.01682505437078325,6691,Non-OECD
MYS,ST297Q06JA,-0.04889014491534742,0.01643706550843452,6691,Non-OECD
MYS,ST297Q07JA,-0.17795164728246324,0.019019877873161787,6691,Non-OECD
NLD,hwk_h,0.03147930928110448,0.016228317609798103,4453,OECD (other)
NLD,study_h,-0.005607238936807147,0.005340887208241591,4614,OECD (other)
NLD,EXERPRAC,-0.059888290068123774,0.004757331595447608,4613,OECD (other)
NLD,ST297Q01JA,-0.49098076345301994,0.04267945635053885,4527,OECD (other)
NLD,ST297Q03JA,-0.7426948341215588,0.05418786638489777,4527,OECD (other)
NLD,ST297Q05JA,0.02699113664105307,0.03670346992477377,4527,OECD (other)
NLD,ST297Q06JA,-0.6038382731862416,0.044883597100330255,4527,OECD (other)
NLD,ST297Q07JA,-0.3150487007164737,0.04720324295627047,4527,OECD (other)
NZL,hwk_h,0.047809057291331045,0.016817631954065288,3949,OECD (other)
NZL,study_h,0.02041733954796661,0.004805219485066729,4265,OECD (other)
NZL,EXERPRAC,-0.04923478649971104,0.004169006344858527,4268,OECD (other)
NZL,ST297Q01JA,-0.20225869714896863,0.03654135540733046,4221,OECD (other)
NZL,ST297Q03JA,-0.08825761119758226,0.035276201135276956,4221,OECD (other)
NZL,ST297Q05JA,0.09735827002724236,0.03928308608974926,4221,OECD (other)
NZL,ST297Q06JA,-0.15442279838760187,0.035146994167577744,4221,OECD (other)
NZL,ST297Q07JA,-0.19989176273227055,0.04736812749477698,4221,OECD (other)
PAN,hwk_h,0.013859583855174494,0.007145207922797892,2956,Non-OECD
PAN,study_h,0.011051527725911595,0.0030788697747705135,3732,Non-OECD
PAN,EXERPRAC,-0.01452913015289121,0.002497202687154309,3667,Non-OECD
PAN,ST297Q01JA,-0.17724310237738095,0.023694393686558433,2892,Non-OECD
PAN,ST297Q03JA,-0.1172784359622926,0.02764434732241835,2892,Non-OECD
PAN,ST297Q05JA,-0.01843460034358262,0.026403289319628587,2892,Non-OECD
PAN,ST297Q06JA,-0.07260109946647587,0.026448627044371304,2892,Non-OECD
PAN,ST297Q07JA,-0.2083628020404566,0.03309609945875255,2892,Non-OECD
PER,hwk_h,0.03723430521314663,0.0067650483918470896,6053,Non-OECD
PER,study_h,0.0073275318868703965,0.002894354780200573,6702,Non-OECD
PER,EXERPRAC,-0.03648467986289158,0.00235316486150033,6691,Non-OECD
PER,ST297Q01JA,-0.36373072446315785,0.01969201588438478,5433,Non-OECD
PER,ST297Q03JA,-0.15964340117822787,0.0223405385582025,5433,Non-OECD
PER,ST297Q05JA,-0.038295241164794956,0.02103552404279203,5433,Non-OECD
PER,ST297Q06JA,-0.2176487355137648,0.020075815522229857,5433,Non-OECD
PER,ST297Q07JA,-0.2997902359965973,0.023689618757144777,5433,Non-OECD
PHL,hwk_h,0.024114294927993905,0.00493510931888306,6765,Non-OECD
PHL,study_h,0.014018739751498165,0.002226460117319843,6989,Non-OECD
PHL,EXERPRAC,-0.016866463920900833,0.0018993938703284702,6952,Non-OECD
PHL,ST297Q01JA,-0.32262987953562444,0.013202067147053806,6915,Non-OECD
PHL,ST297Q03JA,-0.09222221565089696,0.013477880653712207,6915,Non-OECD
PHL,ST297Q05JA,-0.02654780864622104,0.013960515983066775,6915,Non-OECD
PHL,ST297Q06JA,-0.16022109985444558,0.013428002444660426,6915,Non-OECD
PHL,ST297Q07JA,-0.2513935871014255,0.014222124591482678,6915,Non-OECD
POL,hwk_h,-0.03190119574543337,0.00972035260897042,5582,OECD (other)
POL,study_h,-0.010085779768229705,0.0035739392543739177,5753,OECD (other)
POL,EXERPRAC,-0.05558964208386576,0.0032340523169588267,5752,OECD (other)
POL,ST297Q01JA,-0.21839184378575116,0.023483590050007302,5752,OECD (other)
POL,ST297Q03JA,-0.06731736128532281,0.023161071697438706,5752,OECD (other)
POL,ST297Q05JA,-0.08422150731134989,0.02653626287383238,5752,OECD (other)
POL,ST297Q06JA,-0.3674682046078375,0.033026948614917624,5752,OECD (other)
POL,ST297Q07JA,-0.3502841918990398,0.036017629989750825,5752,OECD (other)
PRT,hwk_h,-0.0027327831583695054,0.009235762575398763,6081,OECD (other)
PRT,study_h,-0.009330648217660484,0.003024042911774912,6597,OECD (other)
PRT,EXERPRAC,-0.04599926267611583,0.002786126862790522,6599,OECD (other)
PRT,ST297Q01JA,-0.011330803058878831,0.020605314735990008,6556,OECD (other)
PRT,ST297Q03JA,-0.10951755289034712,0.028461155541758404,6556,OECD (other)
PRT,ST297Q05JA,-0.2010015660735072,0.033700232537878176,6556,OECD (other)
PRT,ST297Q06JA,0.09893577783217278,0.01936207596158893,6556,OECD (other)
PRT,ST297Q07JA,-0.24949173667380867,0.03487034078713414,6556,OECD (other)
PRY,hwk_h,-0.019833615940449283,0.007714868676154135,4419,Non-OECD
PRY,study_h,0.01806809402130886,0.0032729140761945585,4690,Non-OECD
PRY,EXERPRAC,-0.014934490306751869,0.002624804733294123,4575,Non-OECD
PRY,ST297Q01JA,-0.2507158434460681,0.022128197294593602,4905,Non-OECD
PRY,ST297Q03JA,-0.05631957459099913,0.02941528936352396,4905,Non-OECD
PRY,ST297Q05JA,0.06594308678031961,0.027688667372970814,4905,Non-OECD
PRY,ST297Q06JA,0.048976587716120304,0.02376201765312121,4905,Non-OECD
PRY,ST297Q07JA,-0.22471673809408735,0.030047160141288498,4905,Non-OECD
PSE,hwk_h,-0.05170153930463978,0.00566654975544886,6743,Non-OECD
PSE,study_h,0.02127204720283507,0.00222103618904514,7082,Non-OECD
PSE,EXERPRAC,-0.009927617212811693,0.0019104306874426968,7078,Non-OECD
PSE,ST297Q01JA,-0.254401963249746,0.014000861467218278,7454,Non-OECD
PSE,ST297Q03JA,-0.12353484725738678,0.013587745605004527,7454,Non-OECD
PSE,ST297Q05JA,-0.04122648024783486,0.013746687118688046,7454,Non-OECD
PSE,ST297Q06JA,-0.22447120681390617,0.015591709264122183,7454,Non-OECD
PSE,ST297Q07JA,-0.2602991072111615,0.01639369383764272,7454,Non-OECD
QAT,hwk_h,-0.026003107472159188,0.008330695918512954,5903,Non-OECD
QAT,study_h,0.0017171016742426968,0.003185398270718187,6505,Non-OECD
QAT,EXERPRAC,-0.030932092684822925,0.0029729175933114822,6493,Non-OECD
QAT,ST297Q01JA,-0.2685540531128025,0.020516844863101503,6829,Non-OECD
QAT,ST297Q03JA,-0.13236484871275866,0.020943822635891823,6829,Non-OECD
QAT,ST297Q05JA,-0.027358083306371836,0.021329128449030926,6829,Non-OECD
QAT,ST297Q06JA,-0.10069759832080509,0.02168863562299498,6829,Non-OECD
QAT,ST297Q07JA,-0.31785908070837504,0.024033131915465893,6829,Non-OECD
QAZ,hwk_h,0.07111381330156914,0.008244964030015888,4228,Non-OECD
QAZ,study_h,0.03670345901161474,0.0029898077099301617,5666,Non-OECD
QAZ,EXERPRAC,-0.023043183470277572,0.0030197143501253455,5615,Non-OECD
QAZ,ST297Q01JA,0.16374685657785853,0.026930978545883433,6933,Non-OECD
QAZ,ST297Q03JA,-0.011619268562852673,0.03267894339696065,6933,Non-OECD
QAZ,ST297Q05JA,0.041228828839657804,0.030289521146484727,6933,Non-OECD
QAZ,ST297Q06JA,0.3142704305938646,0.024530553464757465,6933,Non-OECD
QAZ,ST297Q07JA,0.16284481096200348,0.026600569420181606,6933,Non-OECD
QUR,hwk_h,0.05333702024433373,0.012264720116026369,3320,Non-OECD
QUR,study_h,0.013721241689573446,0.004810463183259165,3512,Non-OECD
QUR,EXERPRAC,-0.009857192834718679,0.004006956343367898,3510,Non-OECD
QUR,ST297Q01JA,-0.08271228298619289,0.0325010071027803,3428,Non-OECD
QUR,ST297Q03JA,0.06265032213365299,0.028631785472844656,3428,Non-OECD
QUR,ST297Q05JA,0.05389873369283125,0.029569900410189986,3428,Non-OECD
QUR,ST297Q06JA,-0.3845397225707351,0.04411323697761765,3428,Non-OECD
QUR,ST297Q07JA,-0.27470761563611124,0.04691539302596329,3428,Non-OECD
ROU,hwk_h,0.05726255720731403,0.00792162881202655,6884,Non-OECD
ROU,study_h,0.023825192318686458,0.0030070896733661355,7124,Non-OECD
ROU,EXERPRAC,-0.03555841075497282,0.002685800165529481,7087,Non-OECD
ROU,ST297Q01JA,-0.15454094941025498,0.02248539542583469,7089,Non-OECD
ROU,ST297Q03JA,0.09383187571704452,0.021511440361940668,7089,Non-OECD
ROU,ST297Q05JA,-0.07144129919456699,0.02396470711331786,7089,Non-OECD
ROU,ST297Q06JA,-0.12588473835409983,0.02661769105321693,7089,Non-OECD
ROU,ST297Q07JA,-0.49196234610407097,0.03225572022680171,7089,Non-OECD
SAU,hwk_h,-0.066394751701934,0.006901278799708692,6154,Non-OECD
SAU,study_h,0.010726678037915912,0.0025858115271910954,6462,Non-OECD
SAU,EXERPRAC,-0.018655254627883984,0.0020509299606844347,6457,Non-OECD
SAU,ST297Q01JA,-0.24745210371181015,0.0165119847654706,6648,Non-OECD
SAU,ST297Q03JA,-0.15441960129710433,0.01517483244849408,6648,Non-OECD
SAU,ST297Q05JA,2.0343791112228515e-4,0.015283633903656708,6648,Non-OECD
SAU,ST297Q06JA,-0.17804831108104427,0.016766242526130216,6648,Non-OECD
SAU,ST297Q07JA,-0.29429707584263315,0.018245627092305546,6648,Non-OECD
SGP,hwk_h,0.06355360465415474,0.0106067274663448,6524,East Asia
SGP,study_h,-0.003328531224612631,0.004141767569015188,6546,East Asia
SGP,EXERPRAC,-0.08741738179674807,0.0039012020649487706,6545,East Asia
SGP,ST297Q01JA,-0.340918010390146,0.024537131916525387,6528,East Asia
SGP,ST297Q03JA,-0.1995778148688334,0.029420156128637673,6528,East Asia
SGP,ST297Q05JA,-0.02661386720619418,0.02924226364561965,6528,East Asia
SGP,ST297Q06JA,-0.26705700076247574,0.024033841347570865,6528,East Asia
SGP,ST297Q07JA,-0.2644417253391162,0.033981219106174014,6528,East Asia
SLV,hwk_h,0.0156536278661505,0.004817737101600217,5672,Non-OECD
SLV,study_h,0.00969585640622543,0.0021656233228932575,5982,Non-OECD
SLV,EXERPRAC,-0.015467924520255716,0.00179313708664766,5855,Non-OECD
SLV,ST297Q01JA,-0.14273699359797637,0.013213830739213919,6353,Non-OECD
SLV,ST297Q03JA,-0.01818970274247618,0.013830038584807856,6353,Non-OECD
SLV,ST297Q05JA,0.013343359176136386,0.013789318112289388,6353,Non-OECD
SLV,ST297Q06JA,-0.040407552427105496,0.013900844746090048,6353,Non-OECD
SLV,ST297Q07JA,-0.12095697908122746,0.015370317495231467,6353,Non-OECD
SRB,hwk_h,-0.005553675913797661,0.010592109563999213,5875,Non-OECD
SRB,study_h,0.0367565981288526,0.003403119047062591,6168,Non-OECD
SRB,EXERPRAC,-0.023238933893886784,0.002803846193935622,6159,Non-OECD
SRB,ST297Q01JA,-0.14247326771105612,0.022243876463538925,6203,Non-OECD
SRB,ST297Q03JA,-0.10973043003214668,0.026008252414899718,6203,Non-OECD
SRB,ST297Q05JA,-0.09458696108140681,0.025661056145686884,6203,Non-OECD
SRB,ST297Q06JA,-0.2654225756298864,0.03018436846808766,6203,Non-OECD
SRB,ST297Q07JA,-0.5431375059486457,0.036408880880429755,6203,Non-OECD
SVK,hwk_h,-0.08536079939765963,0.011250315859364148,5286,OECD (other)
SVK,study_h,-0.005241791854773542,0.0036658686918653793,5507,OECD (other)
SVK,EXERPRAC,-0.044667891489523714,0.0032764584947741057,5498,OECD (other)
SVK,ST297Q01JA,-0.4965387098458121,0.02893752251581663,5502,OECD (other)
SVK,ST297Q03JA,-0.32375199124540127,0.027846075891576817,5502,OECD (other)
SVK,ST297Q05JA,-0.1582701371932126,0.02860734323008485,5502,OECD (other)
SVK,ST297Q06JA,-0.40116223438141896,0.032499114530039834,5502,OECD (other)
SVK,ST297Q07JA,-0.3456226818496202,0.030598316178974804,5502,OECD (other)
SVN,hwk_h,-0.07493709085707363,0.009831489480193287,6181,OECD (other)
SVN,study_h,-0.019116086425606818,0.0038322487416927405,6336,OECD (other)
SVN,EXERPRAC,-0.04219304593257986,0.0031847625531215345,6340,OECD (other)
SVN,ST297Q01JA,-0.4445675478788643,0.02330465423781167,6279,OECD (other)
SVN,ST297Q03JA,-0.2553057747954689,0.02537782612290695,6279,OECD (other)
SVN,ST297Q05JA,-0.2039946991129266,0.023232265235048438,6279,OECD (other)
SVN,ST297Q06JA,-0.13041576176846292,0.02554770939771549,6279,OECD (other)
SVN,ST297Q07JA,-0.42237926815847343,0.03674440410784567,6279,OECD (other)
SWE,hwk_h,-0.18030851130497627,0.013948913630211578,5478,Nordic
SWE,study_h,-0.05881921474457962,0.004024661888859518,5749,Nordic
SWE,EXERPRAC,-0.0420206394190143,0.0034723443971305117,5747,Nordic
SWE,ST297Q01JA,-0.512711282096927,0.029920556938612876,5644,Nordic
SWE,ST297Q03JA,-0.3462497230484321,0.0320704267283785,5644,Nordic
SWE,ST297Q05JA,-0.27886491522577883,0.03449096503783943,5644,Nordic
SWE,ST297Q06JA,-0.5263756425439965,0.03415089134298486,5644,Nordic
SWE,ST297Q07JA,-0.21379120803889273,0.03284199718295099,5644,Nordic
TAP,hwk_h,0.15664478528978112,0.01399406289975531,5742,East Asia
TAP,study_h,0.035009381977212047,0.004201225706588697,5776,East Asia
TAP,EXERPRAC,-0.08720703651147947,0.0040142494240567915,5778,East Asia
TAP,ST297Q01JA,-0.43742560571362,0.0447481091567593,5778,East Asia
TAP,ST297Q03JA,-0.4203117333150649,0.04708667642656557,5778,East Asia
TAP,ST297Q05JA,-0.2069281709792285,0.04850468797164928,5778,East Asia
TAP,ST297Q06JA,-0.03428573949783734,0.03822453017871291,5778,East Asia
TAP,ST297Q07JA,0.42446893552887494,0.03144615050977552,5778,East Asia
THA,hwk_h,0.028074750988198116,0.006457910455974688,8222,Non-OECD
THA,study_h,0.013264722892912808,0.0024012672305185226,8338,Non-OECD
THA,EXERPRAC,-0.02220387625428502,0.0021900337920510516,8343,Non-OECD
THA,ST297Q01JA,-0.375836899821522,0.016450502224057913,8341,Non-OECD
THA,ST297Q03JA,-0.1532390588552585,0.015711859487767613,8341,Non-OECD
THA,ST297Q05JA,-0.18048848684250532,0.01583034723554745,8341,Non-OECD
THA,ST297Q06JA,-0.2684986317918876,0.01596443087330087,8341,Non-OECD
THA,ST297Q07JA,-0.35458552731193593,0.01656285857091961,8341,Non-OECD
TUR,hwk_h,0.06502938316401714,0.008573170191589827,7109,OECD (other)
TUR,study_h,0.0035883813588758915,0.0031356728662903107,7208,OECD (other)
TUR,EXERPRAC,-0.031685119119409584,0.0028981412448788745,7207,OECD (other)
TUR,ST297Q01JA,-0.3503471117512514,0.030197642801425003,7186,OECD (other)
TUR,ST297Q03JA,-0.2531521962425781,0.023410157564672938,7186,OECD (other)
TUR,ST297Q05JA,-0.09836598358705373,0.022871774685272416,7186,OECD (other)
TUR,ST297Q06JA,-0.287555424864704,0.027596952596475516,7186,OECD (other)
TUR,ST297Q07JA,-0.20053502833090675,0.032089921347233305,7186,OECD (other)
URY,hwk_h,-0.027955099189662744,0.007929549194548509,5279,Non-OECD
URY,study_h,-0.020051394503739613,0.002758262487608044,6043,Non-OECD
URY,EXERPRAC,-0.02835535109805334,0.0023892041032358585,6008,Non-OECD
URY,ST297Q01JA,-0.30176761526336765,0.021427286946903434,6138,Non-OECD
URY,ST297Q03JA,-0.28604862701939276,0.02823755425482975,6138,Non-OECD
URY,ST297Q05JA,-0.1860175036531093,0.027702236384873187,6138,Non-OECD
URY,ST297Q06JA,-0.08937890819610214,0.021911002833281595,6138,Non-OECD
URY,ST297Q07JA,-0.286483126199151,0.030837342034768577,6138,Non-OECD
USA,hwk_h,-0.03390990322305056,0.0145016153010972,3948,OECD (other)
USA,study_h,0.005037149066559631,0.004587913929133348,4025,OECD (other)
USA,EXERPRAC,-0.04614703225710784,0.0038562129800250844,4024,OECD (other)
USA,ST297Q01JA,-0.4427017205115262,0.03696399494977298,3998,OECD (other)
USA,ST297Q03JA,-0.1979518833543741,0.03779579867470601,3998,OECD (other)
USA,ST297Q05JA,0.035907256049476505,0.03592848316196459,3998,OECD (other)
USA,ST297Q06JA,-0.17655155581563223,0.03168517957496371,3998,OECD (other)
USA,ST297Q07JA,-0.4346735030394831,0.04670457810643659,3998,OECD (other)
UZB,hwk_h,-0.010321872356118736,0.005457405235020576,6274,Non-OECD
UZB,study_h,0.03200081416335532,0.0022951038534169193,6910,Non-OECD
UZB,EXERPRAC,-0.006794074418816806,0.002002187638459243,6832,Non-OECD
UZB,ST297Q01JA,-0.12643844676040983,0.015904752480019532,6626,Non-OECD
UZB,ST297Q03JA,-0.024313895163126306,0.015949057456721753,6626,Non-OECD
UZB,ST297Q05JA,-0.01764365944762151,0.016396654051432726,6626,Non-OECD
UZB,ST297Q06JA,-0.03864907535848739,0.01662397495051467,6626,Non-OECD
UZB,ST297Q07JA,0.04917636820828938,0.016105058047288123,6626,Non-OECD
VNM,hwk_h,0.12627186803793902,0.009153964032596346,5970,East Asia
VNM,study_h,0.02711990516266979,0.0035879183663217397,6012,East Asia
VNM,EXERPRAC,-0.026654833161271617,0.002739194519721124,6010,East Asia
VNM,ST297Q01JA,-0.361687923495238,0.03272661280528425,6020,East Asia
VNM,ST297Q03JA,-0.08160989333555332,0.02280833638211762,6020,East Asia
VNM,ST297Q05JA,-0.007931975573724142,0.026046917687264307,6020,East Asia
VNM,ST297Q06JA,-0.05423658774622143,0.02292358557731155,6020,East Asia
VNM,ST297Q07JA,-0.038393555326581036,0.024510111362202196,6020,East Asia
